country,1960,1961,1962,1963,1964,1965,1966,1967,1968,1969,1970,1971,1972,1973,1974,1975,1976,1977,1978,1979,1980,1981,1982,1983,1984,1985,1986,1987,1988,1989,1990,1991,1992,1993,1994,1995,1996,1997,1998,1999,2000,2001,2002,2003,2004,2005,2006,2007,2008,2009,2010,2011,2012,2013,2014,2015,2016,2017,2018,2019,2020,2021,2022
Aruba,4.82,4.66,4.47,4.27,4.06,3.84,3.63,3.42,3.23,3.05,2.91,2.79,2.69,2.61,2.55,2.51,2.47,2.45,2.42,2.41,2.39,2.38,2.36,2.35,2.34,2.33,2.32,2.31,2.29,2.27,2.3,2.31,2.28,2.23,2.13,2.19,2.15,2.14,1.96,1.87,1.9,1.83,1.76,1.75,1.68,1.78,1.91,1.93,1.94,1.92,1.94,1.96,2.03,2.12,2.15,1.97,1.95,1.84,1.59,1.49,1.32,1.18,1.18
Afghanistan,7.28,7.28,7.29,7.3,7.3,7.3,7.32,7.34,7.36,7.39,7.4,7.43,7.45,7.49,7.53,7.54,7.56,7.59,7.6,7.61,7.59,7.57,7.55,7.54,7.51,7.52,7.52,7.53,7.53,7.53,7.57,7.61,7.67,7.72,7.72,7.71,7.71,7.67,7.64,7.6,7.53,7.45,7.34,7.22,7.07,6.91,6.72,6.53,6.38,6.24,6.1,5.96,5.83,5.7,5.56,5.41,5.26,5.13,5,4.87,4.75,4.64,4.52
Angola,6.71,6.79,6.87,6.95,7.04,7.12,7.19,7.27,7.33,7.39,7.43,7.47,7.49,7.5,7.5,7.49,7.49,7.47,7.47,7.46,7.46,7.46,7.46,7.46,7.46,7.45,7.43,7.41,7.37,7.33,7.27,7.21,7.14,7.07,6.99,6.92,6.85,6.79,6.73,6.68,6.64,6.6,6.57,6.53,6.5,6.46,6.42,6.37,6.32,6.26,6.19,6.12,6.04,5.95,5.86,5.77,5.69,5.6,5.52,5.44,5.37,5.3,5.21
Albania,6.46,6.35,6.21,6.05,5.85,5.62,5.46,5.4,5.34,5.26,5.11,5.01,4.9,4.76,4.64,4.52,4.34,4.14,3.95,3.76,3.61,3.51,3.45,3.36,3.3,3.21,3.12,3.06,3,2.94,2.9,2.83,2.77,2.71,2.71,2.69,2.62,2.5,2.4,2.32,2.23,2.15,2.04,1.98,1.89,1.8,1.72,1.67,1.65,1.65,1.66,1.67,1.69,1.7,1.67,1.61,1.55,1.49,1.44,1.41,1.4,1.39,1.38
Andorra,,,,,,,,,,,,,,,,,,,,,,,,,,,,,,,,,,,,,,,,,,,,,,,1.24,1.18,1.25,1.19,1.27,,,,,,,,,,,,
UAE,6.72,6.68,6.66,6.62,6.57,6.52,6.49,6.49,6.5,6.49,6.49,6.47,6.45,6.4,6.33,6.26,6.21,6.16,6.09,6.03,5.95,5.81,5.65,5.48,5.31,5.13,5.01,4.9,4.79,4.67,4.54,4.25,4.09,3.82,3.77,3.27,3.23,3.06,2.91,2.79,2.73,2.62,2.54,2.49,2.38,2.2,2.07,1.99,1.92,1.85,1.79,1.72,1.67,1.6,1.54,1.49,1.44,1.42,1.36,1.33,1.46,1.46,1.44
Argentina,3.08,3.07,3.11,3.1,3.08,3.06,3.05,3.04,3.03,3.05,3.09,3.11,3.15,3.2,3.25,3.3,3.34,3.36,3.36,3.34,3.3,3.25,3.2,3.16,3.12,3.1,3.08,3.06,3.04,3.02,3.03,3.01,2.99,2.97,2.94,2.86,2.78,2.71,2.66,2.64,2.59,2.53,2.49,2.45,2.43,2.43,2.4,2.37,2.34,2.34,2.35,2.34,2.33,2.32,2.31,2.3,2.24,2.17,2.04,1.99,1.91,1.89,1.88
Armenia,4.79,4.67,4.52,4.34,4.15,3.99,3.83,3.73,3.62,3.49,3.4,3.36,3.27,3.15,3.05,2.96,2.85,2.76,2.66,2.56,2.5,2.5,2.5,2.57,2.63,2.65,2.65,2.66,2.68,2.71,2.71,2.65,2.51,2.31,2.17,2.06,1.97,1.89,1.79,1.71,1.6,1.54,1.52,1.53,1.54,1.54,1.35,1.42,1.44,1.55,1.5,1.5,1.6,1.6,1.7,1.6,1.63,1.56,1.57,1.57,1.57,1.57,1.57
Antigua and Barbuda,4.6,4.56,4.55,4.54,4.48,4.42,4.32,4.18,4.01,3.83,3.63,3.46,3.29,3.13,2.93,2.77,2.78,2.78,2.57,2.63,2.31,2.17,2.09,2.12,2.04,2.15,2.03,2.07,2.13,2.2,2.25,2.04,2.13,2.04,2.07,2.16,2.27,2.19,2.02,1.96,2.2,2.02,1.94,1.89,1.85,1.83,1.83,1.86,2.04,2.01,1.78,1.75,1.66,1.54,1.53,1.57,1.46,1.49,1.37,1.47,1.57,1.58,1.58
Australia,3.45,3.54,3.44,3.33,3.15,2.98,2.88,2.85,2.89,2.89,2.86,2.96,2.74,2.49,2.4,2.15,2.06,2.01,1.95,1.91,1.89,1.94,1.93,1.92,1.84,1.92,1.87,1.84,1.83,1.84,1.9,1.85,1.89,1.86,1.84,1.82,1.8,1.78,1.76,1.75,1.76,1.74,1.76,1.75,1.77,1.81,1.91,1.96,1.98,1.97,1.93,1.93,1.92,1.85,1.83,1.81,1.75,1.74,1.74,1.66,1.58,1.7,1.63
Austria,2.69,2.78,2.8,2.82,2.79,2.7,2.66,2.62,2.58,2.49,2.29,2.2,2.08,1.94,1.91,1.83,1.69,1.63,1.6,1.6,1.65,1.67,1.66,1.56,1.52,1.47,1.45,1.43,1.45,1.45,1.46,1.51,1.51,1.5,1.47,1.42,1.45,1.39,1.37,1.34,1.36,1.33,1.39,1.38,1.42,1.41,1.41,1.38,1.42,1.39,1.44,1.43,1.44,1.44,1.46,1.49,1.53,1.52,1.47,1.46,1.44,1.48,1.41
Azerbaijan,5.88,5.94,5.96,5.95,5.89,5.79,5.66,5.38,5.22,5.07,4.91,4.77,4.62,4.45,4.33,4.18,4.02,3.87,3.73,3.6,3.5,3.41,3.34,3.29,3.26,2.91,2.9,2.9,2.8,2.8,2.74,2.87,2.74,2.7,2.52,2.29,2.06,2.07,2,2.07,2,1.8,1.8,1.9,2.05,2,1.97,1.97,1.9,1.82,1.92,1.96,2,1.98,1.97,1.94,1.9,1.75,1.73,1.81,1.7,1.52,1.67
Burundi,7,7.02,7.04,7.07,7.09,7.11,7.13,7.16,7.18,7.21,7.21,7.21,7.21,7.21,7.22,7.24,7.25,7.25,7.26,7.31,7.35,7.33,7.31,7.3,7.29,7.29,7.32,7.38,7.38,7.39,7.37,7.34,7.3,7.27,7.23,7.18,7.12,7.04,6.96,6.9,6.87,6.85,6.82,6.79,6.75,6.71,6.66,6.59,6.51,6.41,6.26,6.11,5.99,5.89,5.79,5.7,5.59,5.48,5.38,5.27,5.18,5.08,4.98
Belgium,2.54,2.63,2.59,2.68,2.71,2.61,2.52,2.41,2.31,2.27,2.25,2.21,2.09,1.95,1.83,1.74,1.73,1.71,1.69,1.69,1.68,1.66,1.61,1.57,1.54,1.51,1.54,1.54,1.57,1.58,1.62,1.66,1.65,1.61,1.56,1.56,1.59,1.6,1.6,1.62,1.67,1.67,1.65,1.67,1.72,1.76,1.8,1.82,1.85,1.84,1.86,1.81,1.8,1.76,1.74,1.7,1.68,1.65,1.62,1.6,1.55,1.6,1.53
Benin,6.28,6.4,6.46,6.51,6.57,6.61,6.64,6.65,6.68,6.71,6.74,6.79,6.82,6.83,6.84,6.85,6.86,6.85,6.84,6.91,6.99,7.05,7.05,7.03,7.02,6.99,6.95,6.9,6.85,6.8,6.73,6.67,6.6,6.51,6.41,6.31,6.26,6.2,6.1,6,5.89,5.82,5.78,5.77,5.72,5.68,5.64,5.56,5.48,5.44,5.39,5.37,5.35,5.34,5.35,5.32,5.3,5.27,5.2,5.13,5.05,4.97,4.89
Burkina Faso,6.25,6.29,6.32,6.36,6.42,6.47,6.53,6.58,6.64,6.66,6.68,6.7,6.72,6.77,6.84,6.91,6.95,7.05,7.15,7.19,7.22,7.26,7.25,7.25,7.25,7.24,7.22,7.17,7.11,7.05,7.01,6.97,6.94,6.89,6.84,6.81,6.78,6.72,6.66,6.59,6.52,6.43,6.34,6.28,6.22,6.18,6.17,6.11,6.05,5.99,5.94,5.87,5.79,5.7,5.59,5.48,5.32,5.16,5.07,4.97,4.87,4.77,4.67
Bangladesh,6.78,6.83,6.87,6.84,6.84,6.83,6.82,6.85,6.85,6.86,6.88,6.87,6.84,6.82,6.79,6.74,6.67,6.59,6.52,6.42,6.32,6.24,6.12,5.89,5.73,5.54,5.3,5.07,4.84,4.68,4.48,4.24,4.03,3.85,3.77,3.6,3.5,3.49,3.39,3.3,3.22,3.15,3.08,3,2.91,2.81,2.71,2.63,2.54,2.44,2.34,2.26,2.21,2.18,2.15,2.11,2.1,2.04,2.04,2.03,2,1.98,1.95
Bulgaria,2.31,2.29,2.24,2.21,2.19,2.09,2.03,2.02,2.27,2.27,2.17,2.1,2.03,2.15,2.29,2.23,2.24,2.21,2.15,2.16,2.05,2,2.01,2.01,2.01,1.97,2.02,1.96,1.97,1.9,1.82,1.66,1.55,1.46,1.37,1.23,1.23,1.09,1.11,1.23,1.26,1.21,1.23,1.26,1.33,1.37,1.44,1.49,1.56,1.66,1.57,1.51,1.5,1.48,1.53,1.53,1.54,1.56,1.56,1.58,1.56,1.58,1.78
Bahrain,7.15,7.12,7.1,7.07,7.06,7,6.92,6.83,6.7,6.56,6.43,6.28,6.13,5.96,5.79,5.62,5.46,5.31,5.15,4.97,4.8,4.64,4.54,4.44,4.32,4.28,4.22,4.09,3.96,3.9,3.76,3.59,3.52,3.42,3.26,3.13,3.01,2.94,2.89,2.87,2.78,2.66,2.69,2.73,2.71,2.62,2.46,2.29,2.17,2.09,2.05,2.09,2.16,2.16,2.16,2.13,2.07,2.01,1.93,1.86,1.83,1.81,1.8
Bahamas,4.82,4.87,4.8,4.73,4.64,4.54,4.44,4.37,4.28,4.18,4.07,3.97,3.89,3.74,3.53,3.26,3.22,3.17,3.06,2.98,2.9,2.85,2.8,2.74,2.69,2.63,2.59,2.53,2.48,2.48,2.53,2.6,2.79,2.73,2.48,2.5,2.36,2.4,2.33,2.13,2.1,2.09,2,1.92,1.93,2.05,1.79,1.85,1.99,2.01,1.83,1.74,1.74,1.51,1.67,1.58,1.5,1.43,1.41,1.4,1.39,1.39,1.38
Bosnia and Herzegovina,3.91,3.83,3.74,3.64,3.54,3.44,3.31,3.17,3.05,2.94,2.83,2.75,2.66,2.56,2.45,2.36,2.27,2.17,2.1,2.04,2.03,2.07,2.1,2.08,2.05,2,1.95,1.91,1.87,1.82,1.79,1.8,1.77,1.74,1.71,1.68,1.65,1.68,1.55,1.37,1.28,1.23,1.23,1.22,1.22,1.2,1.19,1.25,1.28,1.3,1.28,1.22,1.29,1.28,1.26,1.29,1.32,1.35,1.38,1.37,1.36,1.35,1.35
Belarus,2.67,2.59,2.5,2.4,2.31,2.27,2.29,2.26,2.22,2.26,2.31,2.31,2.28,2.25,2.21,2.17,2.12,2.08,2.06,2.05,2.03,2.02,2.05,2.11,2.11,2.09,2.09,2.03,2.03,2.03,1.91,1.8,1.76,1.62,1.53,1.41,1.33,1.25,1.3,1.31,1.32,1.29,1.24,1.23,1.23,1.25,1.33,1.43,1.49,1.51,1.49,1.51,1.62,1.67,1.7,1.72,1.73,1.54,1.45,1.38,1.47,1.48,1.5
Belize,6.5,6.48,6.46,6.44,6.42,6.4,6.38,6.36,6.34,6.32,6.3,6.29,6.28,6.29,6.29,6.28,6.25,6.2,6.11,5.99,5.85,5.68,5.6,5.39,5.19,5.02,4.92,4.82,4.78,4.76,4.7,4.48,4.35,4.2,4,3.95,3.85,3.85,3.79,3.71,3.63,3.55,3.46,3.32,3.21,3.13,2.98,2.87,2.8,2.7,2.61,2.58,2.56,2.53,2.49,2.44,2.39,2.36,2.35,2.11,2,2.01,1.99
Bermuda,3.51,3.48,3.44,3.47,3.23,3.07,2.83,2.65,2.52,2.43,2.36,2.3,2.21,2.12,1.99,1.84,1.83,1.65,1.54,1.63,1.61,1.54,1.57,1.75,1.62,1.73,1.7,1.72,1.77,1.73,1.69,1.73,1.71,1.69,1.68,1.68,1.7,1.69,1.8,1.81,1.74,1.75,1.77,1.8,1.78,1.76,1.76,1.76,1.77,1.76,1.7,1.6,1.6,1.6,1.4,1.4,1.4,1.4,1.3,1.3,1.4,1.3,1.3
Bolivia,6.36,6.33,6.31,6.28,6.25,6.21,6.17,6.13,6.09,6.04,6,5.96,5.92,5.88,5.83,5.79,5.73,5.67,5.61,5.54,5.47,5.41,5.35,5.29,5.24,5.19,5.14,5.09,5.03,4.96,4.89,4.81,4.71,4.59,4.49,4.41,4.34,4.22,4.15,4.09,3.99,3.89,3.8,3.72,3.63,3.56,3.53,3.45,3.36,3.29,3.21,3.14,3.08,3.01,2.95,2.89,2.83,2.78,2.73,2.69,2.65,2.62,2.58
Brazil,6.06,6.04,6,5.93,5.82,5.67,5.53,5.37,5.2,5.08,4.97,4.86,4.75,4.65,4.5,4.42,4.34,4.27,4.2,4.12,4.04,3.94,3.84,3.72,3.6,3.47,3.34,3.23,3.11,3.01,2.9,2.81,2.72,2.67,2.62,2.58,2.52,2.46,2.41,2.33,2.25,2.18,2.1,2.02,2,1.97,1.93,1.88,1.84,1.82,1.81,1.8,1.77,1.75,1.77,1.78,1.71,1.74,1.75,1.7,1.65,1.64,1.63
Barbados,4.33,4.31,4.27,4.2,4.09,3.96,3.81,3.64,3.46,3.28,3.11,2.95,2.79,2.65,2.51,2.39,2.29,2.2,2.12,2.06,2,1.96,1.92,1.89,1.86,1.83,1.8,1.78,1.76,1.75,1.74,1.73,1.73,1.73,1.73,1.73,1.73,1.74,1.75,1.76,1.77,1.78,1.79,1.8,1.79,1.79,1.77,1.76,1.74,1.71,1.69,1.67,1.65,1.63,1.62,1.61,1.61,1.61,1.62,1.62,1.63,1.63,1.63
Brunei,6.84,6.77,6.68,6.57,6.44,6.3,6.16,6.03,5.91,5.81,5.72,5.62,5.5,5.36,5.18,4.99,4.78,4.58,4.39,4.22,4.07,3.94,3.84,3.75,3.67,3.61,3.55,3.49,3.43,3.36,3.29,3.21,3.11,3.01,2.9,2.79,2.68,2.58,2.49,2.41,2.35,2.28,2.22,2.15,2.09,2.02,1.97,1.93,1.92,1.92,1.94,1.96,1.97,1.98,1.97,1.95,1.92,1.88,1.85,1.82,1.8,1.78,1.76
Bhutan,6.7,6.7,6.69,6.69,6.68,6.68,6.67,6.67,6.66,6.66,6.65,6.64,6.64,6.63,6.62,6.62,6.62,6.61,6.58,6.55,6.51,6.46,6.4,6.34,6.26,6.18,6.1,6,5.88,5.76,5.6,5.45,5.27,5.07,4.87,4.62,4.37,4.09,3.85,3.61,3.41,3.23,3.08,2.92,2.89,2.8,2.67,2.59,2.5,2.38,2.3,2.21,2.14,2.09,2.03,1.96,1.83,1.7,1.57,1.46,1.43,1.41,1.4
Botswana,6.63,6.6,6.57,6.63,6.69,6.69,6.69,6.68,6.67,6.64,6.62,6.59,6.59,6.59,6.59,6.58,6.56,6.5,6.43,6.36,6.25,6.13,5.93,5.75,5.58,5.43,5.27,5.06,4.85,4.65,4.49,4.34,4.23,4.13,4.01,3.8,3.6,3.46,3.4,3.34,3.31,3.26,3.18,3.11,3.07,3.08,3.09,3.08,3.07,3.04,3.02,3,2.98,2.96,2.95,2.94,2.93,2.91,2.9,2.88,2.84,2.79,2.75
Central African Republic,5.81,5.83,5.85,5.87,5.91,5.94,5.98,6.01,6.06,6.04,6,5.99,5.96,5.93,5.91,5.89,5.93,5.97,6.02,6.07,6.11,6.14,6.14,6.12,6.11,6.11,6.09,6.1,6.08,6.06,6.04,6.03,5.97,5.94,5.93,5.97,5.99,5.96,5.93,5.93,5.92,5.85,5.84,5.85,5.83,5.85,5.87,5.89,5.91,5.92,5.94,5.96,6.01,6.02,6.02,6.04,6.04,6.05,6.04,6.01,5.99,5.98,5.92
Canada,3.81,3.75,3.68,3.61,3.46,3.12,2.75,2.53,2.39,2.33,2.26,2.14,1.98,1.89,1.84,1.82,1.8,1.78,1.77,1.75,1.74,1.7,1.69,1.68,1.65,1.67,1.68,1.68,1.68,1.77,1.83,1.72,1.71,1.69,1.69,1.67,1.63,1.57,1.56,1.55,1.51,1.54,1.52,1.55,1.56,1.58,1.63,1.67,1.7,1.69,1.65,1.63,1.63,1.61,1.61,1.6,1.59,1.55,1.51,1.47,1.41,1.44,1.33
Channel Islands,2.27,2.38,2.46,2.52,2.5,2.43,2.34,2.26,2.18,2.11,2.02,1.93,1.81,1.71,1.63,1.56,1.53,1.52,1.51,1.5,1.49,1.45,1.45,1.45,1.45,1.45,1.46,1.47,1.49,1.51,1.51,1.52,1.54,1.55,1.54,1.54,1.54,1.53,1.53,1.51,1.49,1.48,1.47,1.5,1.52,1.54,1.58,1.62,1.65,1.65,1.63,1.63,1.6,1.57,1.56,1.52,1.51,1.47,1.44,1.44,1.45,1.46,1.47
Switzerland,2.44,2.52,2.58,2.65,2.66,2.59,2.5,2.39,2.29,2.19,2.1,2.04,1.91,1.81,1.73,1.61,1.55,1.53,1.51,1.52,1.55,1.55,1.56,1.52,1.53,1.52,1.53,1.52,1.57,1.56,1.58,1.58,1.58,1.51,1.49,1.48,1.5,1.48,1.47,1.48,1.5,1.38,1.39,1.39,1.42,1.42,1.44,1.46,1.48,1.5,1.52,1.52,1.52,1.52,1.54,1.54,1.54,1.52,1.52,1.48,1.46,1.52,1.39
Chile,4.7,4.66,4.6,4.54,4.46,4.36,4.26,4.14,4.03,3.9,3.78,3.65,3.53,3.41,3.29,3.18,3.08,2.98,2.89,2.81,2.74,2.69,2.65,2.62,2.6,2.59,2.59,2.59,2.59,2.59,2.58,2.56,2.48,2.43,2.38,2.3,2.25,2.18,2.11,2.04,1.99,1.96,1.94,1.87,1.83,1.8,1.8,1.83,1.85,1.85,1.84,1.82,1.8,1.79,1.77,1.74,1.68,1.6,1.56,1.54,1.54,1.54,1.54
China,4.45,3.86,6.08,7.51,6.67,6.61,6.31,5.81,6.51,6.17,6.08,5.52,5.11,4.73,4.17,3.57,3.23,2.84,2.72,2.75,2.74,2.79,2.97,2.56,2.61,2.63,2.72,2.76,2.54,2.52,2.51,1.93,1.78,1.69,1.63,1.59,1.55,1.53,1.52,1.53,1.63,1.56,1.57,1.57,1.6,1.62,1.64,1.67,1.7,1.71,1.69,1.67,1.8,1.71,1.77,1.67,1.77,1.81,1.55,1.5,1.28,1.16,1.18
Cote d'Ivoire,7.69,7.72,7.75,7.78,7.81,7.84,7.87,7.89,7.91,7.93,7.94,7.94,7.94,7.94,7.93,7.91,7.88,7.83,7.67,7.63,7.59,7.54,7.49,7.42,7.35,7.26,7.18,7.08,6.96,6.84,6.73,6.61,6.46,6.31,6.16,6.09,6,5.95,5.9,5.85,5.81,5.76,5.71,5.64,5.54,5.46,5.38,5.3,5.22,5.15,5.09,5.03,4.97,4.92,4.87,4.81,4.76,4.74,4.61,4.54,4.47,4.42,4.34
Cameroon,5.65,5.71,5.77,5.83,5.89,5.95,6,6.06,6.11,6.14,6.2,6.25,6.28,6.3,6.34,6.39,6.45,6.52,6.56,6.61,6.66,6.64,6.62,6.61,6.58,6.58,6.59,6.56,6.5,6.44,6.39,6.35,6.29,6.19,6.08,5.96,5.83,5.72,5.67,5.63,5.53,5.44,5.46,5.46,5.45,5.41,5.35,5.33,5.28,5.23,5.16,5.06,4.99,4.91,4.86,4.83,4.82,4.77,4.69,4.62,4.54,4.46,4.38
"Congo, Dem. Rep.",6.08,6.11,6.13,6.16,6.18,6.21,6.24,6.27,6.3,6.32,6.34,6.38,6.4,6.41,6.42,6.42,6.42,6.43,6.44,6.46,6.46,6.49,6.5,6.55,6.6,6.65,6.69,6.74,6.73,6.74,6.7,6.68,6.67,6.64,6.67,6.71,6.72,6.73,6.73,6.72,6.72,6.7,6.67,6.64,6.62,6.6,6.59,6.58,6.58,6.59,6.59,6.58,6.56,6.53,6.48,6.44,6.39,6.35,6.3,6.25,6.21,6.16,6.11
"Congo, Rep.",6.08,6.09,6.1,6.15,6.18,6.23,6.27,6.29,6.33,6.35,6.38,6.42,6.44,6.42,6.39,6.36,6.32,6.27,6.21,6.14,6.07,5.98,5.9,5.81,5.72,5.64,5.57,5.49,5.39,5.3,5.21,5.16,5.11,5.06,5,4.97,4.97,4.96,4.93,4.85,4.76,4.71,4.72,4.7,4.69,4.66,4.66,4.67,4.73,4.79,4.82,4.79,4.75,4.69,4.63,4.56,4.49,4.43,4.37,4.3,4.23,4.17,4.09
Colombia,6.74,6.71,6.66,6.58,6.47,6.33,6.16,5.96,5.74,5.51,5.28,5.06,4.86,4.68,4.53,4.4,4.29,4.18,4.07,3.97,3.86,3.74,3.63,3.53,3.43,3.34,3.27,3.21,3.16,3.12,3.08,3.05,3.01,2.97,2.92,2.86,2.8,2.74,2.68,2.63,2.57,2.52,2.46,2.4,2.33,2.26,2.2,2.14,2.08,2.03,1.99,1.96,1.93,1.91,1.88,1.86,1.84,1.82,1.79,1.76,1.74,1.72,1.69
Comoros,6.79,6.85,6.9,6.94,6.97,7,7.03,7.04,7.05,7.06,7.06,7.1,7.12,7.14,7.13,7.12,7.11,7.1,7.1,7.1,7.08,7.08,7.07,7.05,7.01,6.96,6.89,6.82,6.72,6.62,6.5,6.36,6.21,6.05,5.9,5.78,5.69,5.59,5.49,5.37,5.3,5.25,5.21,5.15,5.09,5.03,4.96,4.88,4.83,4.79,4.76,4.72,4.64,4.57,4.49,4.42,4.35,4.28,4.2,4.13,4.05,3.98,3.91
Cape Verde,6.88,6.92,6.95,6.98,6.99,6.99,6.99,6.98,6.97,6.95,6.93,6.91,6.89,6.86,6.82,6.77,6.71,6.64,6.56,6.47,6.38,6.27,6.17,6.07,5.97,5.88,5.78,5.7,5.6,5.5,5.39,5.26,5.1,4.92,4.72,4.5,4.29,4.07,3.88,3.7,3.54,3.4,3.27,3.15,3.04,2.93,2.84,2.76,2.69,2.63,2.47,2.47,2.28,2.2,2.17,2.12,2.12,2.09,1.96,1.93,1.91,1.9,1.88
Costa Rica,6.71,6.65,6.54,6.39,6.19,5.96,5.7,5.42,5.03,4.83,4.58,4.36,4.16,3.99,3.89,3.8,3.75,3.7,3.66,3.65,3.59,3.56,3.54,3.53,3.52,3.51,3.46,3.4,3.34,3.27,3.21,3.12,3.04,2.96,2.89,2.8,2.71,2.64,2.53,2.48,2.41,2.33,2.2,2.14,2.08,2.04,2.01,2.01,2.02,1.98,1.93,1.9,1.88,1.84,1.82,1.79,1.75,1.74,1.71,1.63,1.55,1.53,1.52
Cuba,4.13,4.26,4.42,4.56,4.53,4.46,4.38,4.29,4.21,4.12,4,3.87,3.72,3.49,3.2,2.85,2.52,2.21,1.87,1.76,1.62,1.56,1.76,1.79,1.77,1.76,1.76,1.8,1.85,1.83,1.8,1.66,1.56,1.49,1.46,1.47,1.44,1.56,1.59,1.62,1.58,1.56,1.61,1.59,1.52,1.47,1.39,1.43,1.57,1.69,1.69,1.76,1.68,1.69,1.66,1.69,1.61,1.59,1.63,1.55,1.5,1.44,1.45
Cyprus,3.51,3.62,3.51,3.49,3.41,3.47,3.4,3.32,3.27,3.19,3.06,3.04,2.99,2.4,2.28,2.11,2.33,2.09,2.08,2.14,2.3,2.15,2.47,2.5,2.52,2.43,2.46,2.39,2.48,2.37,2.4,2.34,2.46,2.25,2.17,2.03,1.95,1.86,1.76,1.67,1.64,1.56,1.5,1.51,1.52,1.48,1.51,1.45,1.48,1.48,1.44,1.36,1.39,1.3,1.31,1.33,1.36,1.32,1.32,1.33,1.33,1.32,1.31
Czech Republic,2.09,2.11,2.12,2.31,2.34,2.18,2.02,1.91,1.84,1.87,1.92,2,2.09,2.31,2.46,2.43,2.39,2.34,2.33,2.27,2.08,2,2,1.97,1.97,1.95,1.92,1.91,1.94,1.87,1.9,1.86,1.71,1.67,1.44,1.28,1.18,1.17,1.16,1.13,1.15,1.15,1.17,1.18,1.23,1.29,1.34,1.45,1.51,1.51,1.51,1.43,1.45,1.46,1.53,1.57,1.63,1.69,1.71,1.71,1.74,1.83,1.62
Germany,2.37,2.45,2.44,2.51,2.54,2.5,2.53,2.48,2.38,2.21,2.03,1.92,1.71,1.54,1.51,1.45,1.45,1.4,1.38,1.38,1.44,1.43,1.41,1.33,1.29,1.37,1.43,1.43,1.46,1.42,1.45,1.33,1.29,1.28,1.24,1.25,1.3,1.35,1.36,1.36,1.38,1.35,1.34,1.34,1.36,1.34,1.33,1.37,1.38,1.36,1.39,1.39,1.41,1.42,1.47,1.5,1.6,1.57,1.57,1.54,1.53,1.58,1.46
Djibouti,6.83,6.83,6.84,6.84,6.85,6.84,6.85,6.85,6.85,6.85,6.86,6.86,6.85,6.82,6.8,6.77,6.73,6.69,6.65,6.61,6.55,6.49,6.44,6.39,6.33,6.26,6.22,6.17,6.12,6.05,5.98,5.88,5.77,5.66,5.53,5.34,5.15,4.96,4.78,4.67,4.58,4.5,4.38,4.25,4.11,3.99,3.85,3.72,3.59,3.49,3.39,3.31,3.24,3.18,3.11,3.07,3.01,2.97,2.93,2.89,2.85,2.8,2.76
Dominica,6.87,5.28,5.21,5.27,4.89,4.84,5.86,5.14,4.96,5.46,5.13,4.81,4.47,4.13,3.84,3.58,3.36,3.21,3.11,3.03,3,2.96,2.96,3.17,2.91,2.93,2.96,2.8,3.02,2.95,2.96,3.07,3.28,3.1,2.87,2.67,2.52,2.39,2.33,2.55,2.35,2.54,2.28,2.17,2.13,2.1,2.16,2.09,2.03,1.96,1.92,1.87,1.82,1.77,1.73,1.69,1.66,1.63,1.62,1.61,1.6,1.59,1.59
Denmark,2.57,2.55,2.55,2.67,2.6,2.61,2.62,2.35,2.12,2,1.95,2.04,2.03,1.92,1.9,1.92,1.75,1.66,1.67,1.6,1.55,1.44,1.43,1.38,1.4,1.45,1.48,1.5,1.56,1.62,1.67,1.68,1.76,1.75,1.81,1.8,1.75,1.75,1.72,1.73,1.77,1.74,1.72,1.76,1.78,1.8,1.85,1.84,1.89,1.84,1.87,1.75,1.73,1.67,1.69,1.71,1.79,1.75,1.73,1.7,1.68,1.72,1.55
Dominican Republic,7.55,7.49,7.4,7.3,7.19,7.05,6.95,6.75,6.55,6.37,6.18,6.01,5.84,5.67,5.44,5.24,5.05,4.84,4.64,4.47,4.3,4.15,4.01,3.95,3.82,3.69,3.6,3.53,3.5,3.48,3.41,3.35,3.29,3.23,3.16,3.1,3.04,2.95,2.87,2.87,2.86,2.81,2.77,2.72,2.66,2.6,2.53,2.51,2.53,2.56,2.54,2.51,2.48,2.47,2.44,2.43,2.41,2.39,2.38,2.34,2.3,2.27,2.25
Algeria,7.5,7.56,7.61,7.65,7.67,7.68,7.67,7.67,7.66,7.65,7.63,7.6,7.55,7.49,7.44,7.37,7.31,7.23,7.14,7.06,6.95,6.81,6.63,6.44,6.22,5.97,5.63,5.33,5.06,4.83,4.56,4.39,4.26,4.06,3.85,3.46,3.14,2.9,2.71,2.62,2.57,2.51,2.46,2.48,2.51,2.56,2.6,2.68,2.75,2.81,2.84,2.88,2.96,2.96,3,3.04,3.05,3.05,3.02,2.99,2.94,2.89,2.83
Ecuador,6.72,6.7,6.68,6.65,6.61,6.56,6.51,6.44,6.35,6.25,6.14,6.01,5.87,5.73,5.58,5.43,5.28,5.13,4.99,4.86,4.73,4.61,4.5,4.39,4.29,4.2,4.1,4.01,3.92,3.83,3.74,3.67,3.59,3.52,3.46,3.4,3.35,3.29,3.23,3.17,3.1,3.04,2.97,2.91,2.85,2.8,2.75,2.71,2.67,2.64,2.62,2.6,2.52,2.42,2.33,2.26,2.2,2.17,2.13,2.09,2.05,2.03,2
Egypt,6.79,6.78,6.75,6.72,6.64,6.52,6.43,6.36,6.29,6.2,6.12,6.03,5.97,5.89,5.83,5.8,5.76,5.74,5.72,5.7,5.58,5.44,5.37,5.33,5.24,5.16,5.07,4.99,4.87,4.68,4.48,4.3,4.25,4.1,3.97,3.84,3.73,3.65,3.62,3.52,3.44,3.39,3.32,3.26,3.18,3.15,3.11,3.12,3.1,3.11,3.21,3.25,3.33,3.42,3.44,3.44,3.2,3.15,3.1,3,2.96,2.92,2.88
Eritrea,6.48,6.47,6.5,6.48,6.49,6.49,6.5,6.5,6.5,6.5,6.54,6.54,6.54,6.55,6.57,6.59,6.6,6.61,6.61,6.62,6.61,6.62,6.63,6.65,6.62,6.59,6.55,6.52,6.47,6.41,6.34,6.24,6.16,6.07,6,5.94,5.84,5.74,5.63,5.52,5.4,5.31,5.23,5.14,5.04,4.93,4.88,4.81,4.74,4.66,4.57,4.49,4.41,4.33,4.27,4.22,4.16,4.11,4.06,4,3.93,3.87,3.79
Spain,2.86,2.77,2.8,2.88,3.01,2.94,2.91,2.94,2.87,2.86,2.84,2.9,2.87,2.84,2.88,2.77,2.77,2.65,2.54,2.37,2.22,2.04,1.94,1.8,1.73,1.64,1.56,1.49,1.45,1.4,1.36,1.33,1.31,1.26,1.19,1.16,1.14,1.15,1.13,1.17,1.22,1.23,1.25,1.3,1.31,1.33,1.36,1.38,1.45,1.38,1.37,1.34,1.32,1.27,1.32,1.33,1.34,1.31,1.26,1.23,1.19,1.19,1.16
Estonia,1.98,1.98,1.95,1.89,1.94,1.88,1.87,1.9,2.03,2.13,2.17,2.19,2.13,2.06,2.07,2.04,2.07,2.06,2.02,2,2.02,2.07,2.07,2.16,2.17,2.13,2.18,2.27,2.27,2.22,2.05,1.8,1.71,1.49,1.42,1.38,1.37,1.32,1.28,1.3,1.36,1.32,1.36,1.37,1.47,1.52,1.58,1.69,1.72,1.7,1.72,1.61,1.56,1.52,1.54,1.58,1.6,1.59,1.67,1.66,1.58,1.61,1.41
Ethiopia,6.88,6.88,6.88,6.87,6.87,6.86,6.87,6.88,6.9,6.94,6.98,7.02,7.06,7.09,7.12,7.14,7.19,7.25,7.3,7.31,7.33,7.36,7.37,7.38,7.4,7.38,7.36,7.34,7.3,7.27,7.24,7.21,7.16,7.13,7.08,7.01,6.92,6.85,6.75,6.65,6.56,6.46,6.37,6.24,6.11,5.97,5.85,5.74,5.57,5.39,5.22,5.05,4.88,4.72,4.61,4.53,4.47,4.39,4.34,4.32,4.24,4.16,4.06
Finland,2.72,2.72,2.68,2.68,2.59,2.48,2.41,2.32,2.14,1.93,1.83,1.68,1.58,1.49,1.61,1.68,1.7,1.68,1.64,1.64,1.63,1.64,1.71,1.74,1.69,1.64,1.6,1.59,1.69,1.71,1.78,1.79,1.85,1.81,1.85,1.81,1.78,1.75,1.7,1.73,1.73,1.73,1.72,1.76,1.8,1.8,1.84,1.83,1.85,1.86,1.87,1.83,1.8,1.75,1.71,1.65,1.57,1.49,1.41,1.35,1.37,1.46,1.32
Fiji,6.46,6.28,6.08,5.96,5.82,5.64,5.45,5.24,5.03,4.84,4.66,4.49,4.3,4.16,4.07,4.1,4.09,4.07,4.05,4.03,3.98,3.92,3.87,3.8,3.72,3.62,3.54,3.5,3.46,3.43,3.41,3.38,3.35,3.31,3.27,3.27,3.26,3.2,3.13,3.07,3.03,3,2.98,2.96,2.92,2.88,2.91,2.89,2.86,2.81,2.75,2.69,2.67,2.66,2.66,2.64,2.6,2.56,2.53,2.52,2.5,2.48,2.46
France,2.85,2.87,2.89,2.89,2.87,2.84,2.8,2.75,2.69,2.62,2.55,2.47,2.38,2.28,2.18,2.09,2.01,1.94,1.89,1.87,1.85,1.85,1.86,1.86,1.86,1.86,1.85,1.83,1.81,1.79,1.77,1.75,1.74,1.73,1.73,1.74,1.75,1.77,1.78,1.81,1.89,1.9,1.88,1.89,1.92,1.94,2,1.98,2.01,2,2.03,2.01,2.01,1.99,2,1.96,1.92,1.89,1.87,1.86,1.83,1.84,1.79
Faeroe Islands,,,,,,,,,,,3.42,3.21,3.26,3.22,3.06,2.9,2.74,2.68,2.6,2.7,2.46,2.47,2.35,2.16,2.17,2.28,2.39,2.35,2.56,2.7,2.78,2.62,2.5,2.5,2.39,2.45,2.58,2.51,2.34,2.32,2.58,2.34,2.56,2.54,2.59,2.64,2.5,2.56,2.57,2.38,2.51,2.28,2.57,2.53,2.57,2.42,2.62,2.48,2.51,2.41,2.32,2.32,2.05
"Micronesia, Fed. Sts.",6.69,6.7,6.7,6.71,6.73,6.73,6.78,6.82,6.86,6.89,6.94,6.92,6.89,6.84,6.77,6.68,6.59,6.49,6.4,6.31,6.22,6.13,6.02,5.89,5.75,5.6,5.45,5.3,5.17,5.05,4.96,4.88,4.82,4.77,4.72,4.66,4.62,4.55,4.48,4.39,4.28,4.12,3.96,3.82,3.71,3.6,3.49,3.41,3.35,3.29,3.24,3.18,3.13,3.09,3.03,2.97,2.94,2.89,2.84,2.8,2.75,2.71,2.67
Gabon,4.42,4.5,4.59,4.65,4.71,4.79,4.86,4.92,4.98,5.05,5.1,5.16,5.24,5.29,5.33,5.39,5.46,5.52,5.57,5.61,5.66,5.73,5.74,5.76,5.73,5.71,5.69,5.67,5.62,5.55,5.46,5.37,5.29,5.19,5.04,4.88,4.74,4.66,4.58,4.5,4.47,4.42,4.36,4.3,4.25,4.21,4.17,4.14,4.12,4.14,4.15,4.15,4.09,4.02,3.95,3.89,3.82,3.75,3.68,3.62,3.55,3.49,3.46
Isle of Man,2.88,2.77,2.66,2.69,2.69,2.66,2.59,2.5,2.43,2.38,2.98,2.95,2.91,2.62,2.32,2.05,2,1.96,1.94,1.93,1.91,1.91,1.89,1.88,1.87,1.87,1.88,1.89,1.9,1.91,1.92,1.93,1.83,1.82,1.9,1.82,1.72,1.81,1.9,1.8,1.69,1.78,1.85,1.77,1.76,1.85,1.89,1.94,2.07,2.19,2.17,1.96,1.89,1.85,1.74,1.71,1.69,1.68,1.62,1.61,1.57,1.56,1.57
UK,2.69,2.78,2.86,2.88,2.93,2.86,2.78,2.68,2.6,2.51,2.44,2.41,2.2,2.04,1.92,1.81,1.74,1.69,1.75,1.86,1.9,1.82,1.78,1.77,1.77,1.79,1.78,1.81,1.82,1.79,1.83,1.82,1.79,1.76,1.74,1.71,1.73,1.72,1.71,1.68,1.64,1.63,1.63,1.7,1.75,1.76,1.82,1.86,1.91,1.89,1.92,1.91,1.92,1.83,1.81,1.8,1.79,1.74,1.68,1.63,1.56,1.56,1.57
Georgia,2.94,2.94,2.94,2.95,2.87,2.78,2.73,2.73,2.68,2.67,2.67,2.68,2.66,2.61,2.55,2.53,2.49,2.43,2.4,2.36,2.33,2.31,2.29,2.31,2.34,2.34,2.32,2.25,2.23,2.26,2.31,2.26,2.13,2.01,1.92,1.85,1.79,1.74,1.69,1.63,1.6,1.57,1.56,1.55,1.59,1.61,1.62,1.67,1.76,1.87,1.92,1.92,1.94,2.02,2.12,2.2,2.2,2.14,2.11,2.01,1.97,2.08,2.06
Ghana,6.85,6.89,6.95,6.98,6.93,6.89,6.88,6.91,6.91,6.96,6.95,6.94,6.91,6.87,6.83,6.77,6.72,6.68,6.61,6.56,6.52,6.47,6.38,6.31,6.24,6.19,6.14,6.09,5.96,5.83,5.71,5.59,5.46,5.36,5.19,5.07,4.93,4.87,4.84,4.84,4.85,4.79,4.72,4.63,4.53,4.54,4.41,4.31,4.25,4.21,4.21,4.19,4.18,4.14,4.05,4.05,3.91,3.71,3.73,3.68,3.62,3.56,3.51
Gibraltar,3.01,3.18,3.52,4,3.82,3.92,3.35,2.9,2.8,2.78,2.79,2.79,2.72,2.67,2.64,2.62,2.61,2.63,2.67,2.73,2.8,2.73,2.64,2.57,2.51,2.47,2.44,2.42,2.41,2.42,2.44,2.46,2.48,2.5,2.52,2.54,2.52,2.33,2.18,2.04,1.92,1.8,1.67,1.66,1.68,1.7,1.71,1.74,1.76,1.8,1.84,1.87,1.89,1.83,2.01,2.19,1.94,1.9,1.88,1.86,1.85,1.85,1.84
Guinea,6.11,6.13,6.14,6.15,6.17,6.18,6.19,6.2,6.21,6.23,6.24,6.26,6.28,6.31,6.34,6.37,6.4,6.43,6.47,6.54,6.54,6.56,6.58,6.59,6.6,6.61,6.64,6.67,6.66,6.66,6.63,6.59,6.55,6.49,6.41,6.33,6.25,6.16,6.08,6.01,5.94,5.85,5.79,5.74,5.72,5.7,5.66,5.62,5.56,5.51,5.4,5.3,5.2,5.12,5.05,5.02,4.93,4.79,4.67,4.58,4.49,4.4,4.3
Gambia,6.25,6.23,6.21,6.2,6.2,6.19,6.18,6.21,6.22,6.25,6.26,6.28,6.32,6.37,6.38,6.41,6.43,6.43,6.42,6.41,6.4,6.4,6.39,6.38,6.37,6.34,6.33,6.29,6.26,6.24,6.22,6.17,6.11,6.04,6.04,6.01,5.96,5.92,5.93,5.87,5.8,5.75,5.73,5.7,5.71,5.72,5.76,5.73,5.71,5.68,5.67,5.64,5.59,5.51,5.42,5.31,5.2,5.09,4.97,4.87,4.78,4.68,4.59
Guinea-Bissau,5.92,5.93,5.94,5.95,5.96,5.97,5.98,5.99,6.01,6.02,6.04,6.06,6.08,6.1,6.12,6.15,6.19,6.25,6.32,6.4,6.49,6.57,6.64,6.69,6.73,6.74,6.73,6.72,6.69,6.66,6.51,6.45,6.4,6.32,6.26,6.17,6.09,6.01,5.9,5.79,5.72,5.63,5.61,5.57,5.5,5.45,5.42,5.4,5.27,5.15,5.06,5.05,5,4.94,4.8,4.67,4.53,4.36,4.26,4.17,4.09,4,3.92
Equatorial Guinea,5.65,5.66,5.67,5.69,5.71,5.73,5.76,5.78,5.79,5.8,5.81,5.81,5.8,5.8,5.79,5.79,5.79,5.79,5.8,5.82,5.83,5.86,5.88,5.9,5.93,5.95,5.96,5.97,5.98,5.99,5.99,5.99,5.98,5.98,5.98,5.97,5.96,5.94,5.91,5.88,5.83,5.79,5.73,5.67,5.62,5.56,5.5,5.43,5.36,5.29,5.21,5.13,5.04,4.95,4.86,4.77,4.69,4.6,4.51,4.43,4.35,4.27,4.17
Greece,2.23,2.13,2.16,2.14,2.24,2.25,2.32,2.45,2.42,2.36,2.4,2.32,2.32,2.27,2.38,2.33,2.35,2.27,2.28,2.26,2.23,2.09,2.03,1.94,1.83,1.67,1.6,1.5,1.5,1.4,1.39,1.37,1.36,1.32,1.33,1.28,1.26,1.27,1.24,1.23,1.25,1.25,1.28,1.29,1.31,1.34,1.4,1.41,1.5,1.5,1.48,1.4,1.34,1.29,1.3,1.33,1.38,1.35,1.35,1.34,1.39,1.43,1.43
Grenada,6.74,6.63,6.44,6.2,5.91,5.6,5.3,5.04,4.83,4.69,4.52,4.43,4.34,4.26,4.17,4.02,3.88,3.75,3.67,3.68,3.63,3.2,3.33,3.45,3.32,3.54,3.7,3.77,3.43,3.58,3.49,3.51,3.32,3.11,3.04,2.99,2.99,2.99,2.65,2.54,2.58,2.51,2.46,2.41,2.37,2.34,2.32,2.3,2.28,2.26,2.24,2.22,2.19,2.17,2.15,2.13,2.1,2.08,2.06,2.04,2.02,2,1.99
Greenland,,,,,,,,,,,,,,,,2.35,2.25,2.35,2.2,2.19,2.44,2.33,2.24,2.05,2.11,2.24,2.04,2.08,2.32,2.3,2.44,2.42,2.61,2.58,2.53,2.51,2.49,2.69,2.46,2.42,2.33,2.51,2.57,2.37,2.42,2.38,2.26,2.3,2.25,2.36,2.19,2.12,2.02,2.08,2.04,2.01,2,2.09,2,2.08,2.02,1.82,1.84
Guatemala,6.96,6.93,6.89,6.87,6.85,6.82,6.8,6.75,6.71,6.66,6.6,6.55,6.51,6.49,6.46,6.41,6.37,6.32,6.26,6.22,6.17,6.12,6.06,5.98,5.86,5.73,5.66,5.64,5.62,5.56,5.48,5.38,5.31,5.25,5.19,5.11,5.01,4.91,4.8,4.69,4.58,4.5,4.37,4.25,4.13,3.97,3.85,3.72,3.57,3.46,3.38,3.29,3.22,3.15,3.09,3.03,2.97,2.86,2.74,2.61,2.48,2.4,2.35
Guam,5.91,5.94,5.91,5.56,5.38,5.14,5.18,4.8,4.55,4.67,4.54,4.37,4.2,4.04,3.97,3.91,3.84,3.64,3.35,3.27,3.25,3.16,3.08,3.22,3.06,3.14,3.19,3.14,3.08,3.06,3.05,3.04,3.03,3.03,3.03,3.02,3.03,3.04,3.04,3.03,3.01,2.96,2.71,2.78,2.91,2.76,2.94,3.03,3.02,2.99,2.97,2.87,3.12,2.87,2.94,2.92,2.95,2.81,2.67,2.62,2.59,2.57,2.55
Guyana,6.37,6.3,6.23,6.14,6.05,5.96,5.86,5.76,5.64,5.52,5.38,5.23,5.06,4.88,4.69,4.5,4.33,4.17,4.03,3.92,3.82,3.73,3.64,3.55,3.45,3.35,3.26,3.19,3.13,3.09,3.07,3.06,3.07,3.07,3.07,3.07,3.07,3.06,3.05,3.04,3.02,2.99,2.96,2.92,2.88,2.84,2.8,2.75,2.72,2.68,2.65,2.63,2.61,2.58,2.56,2.53,2.51,2.48,2.46,2.44,2.42,2.4,2.37
"Hong Kong, China",5.07,5.17,5.14,5.09,5.01,4.92,4.46,4.04,3.76,3.72,3.48,3.46,3.31,3.18,2.97,2.67,2.48,2.38,2.27,2.12,2.05,1.93,1.86,1.72,1.56,1.49,1.37,1.31,1.4,1.3,1.27,1.28,1.35,1.34,1.35,1.29,1.19,1.13,1.02,0.981,1.03,0.931,0.941,0.901,0.922,0.959,0.984,1.03,1.06,1.05,1.13,1.2,1.28,1.13,1.24,1.2,1.21,1.13,1.08,1.06,0.883,0.772,0.701
Honduras,7.46,7.45,7.44,7.44,7.44,7.44,7.38,7.33,7.29,7.23,7.17,7.12,7.08,7.01,6.92,6.86,6.79,6.7,6.6,6.5,6.39,6.28,6.16,6.05,5.92,5.81,5.71,5.6,5.5,5.39,5.29,5.18,5.09,5,4.89,4.76,4.64,4.53,4.45,4.36,4.24,4.1,3.96,3.81,3.68,3.54,3.42,3.3,3.18,3.06,2.96,2.86,2.77,2.7,2.63,2.58,2.54,2.5,2.46,2.43,2.39,2.36,2.34
Croatia,2.23,2.22,2.2,2.17,2.17,2.21,2.19,2.11,2.03,1.95,1.92,1.96,1.99,2,1.98,1.96,1.94,1.95,1.95,1.93,1.92,1.91,1.9,1.88,1.87,1.82,1.76,1.64,1.79,1.63,1.63,1.53,1.48,1.52,1.47,1.58,1.67,1.69,1.45,1.38,1.39,1.46,1.42,1.41,1.43,1.5,1.47,1.48,1.47,1.5,1.46,1.41,1.52,1.46,1.46,1.41,1.43,1.42,1.47,1.47,1.48,1.62,1.53
Haiti,6.21,6.2,6.19,6.18,6.17,6.12,6.07,6.03,5.97,5.92,5.87,5.8,5.72,5.65,5.66,5.69,5.69,5.68,5.67,5.67,5.65,5.67,5.7,5.66,5.63,5.62,5.61,5.59,5.57,5.53,5.48,5.32,5.21,5.1,4.99,4.88,4.78,4.67,4.56,4.45,4.39,4.25,4.13,4.04,3.94,3.83,3.73,3.64,3.57,3.51,3.47,3.41,3.3,3.22,3.16,3.11,3.06,3.02,2.96,2.92,2.87,2.81,2.77
Hungary,2.02,1.94,1.79,1.82,1.82,1.82,1.89,2.01,2.06,2.04,1.98,1.93,1.93,1.93,2.27,2.35,2.23,2.15,2.06,2.01,1.91,1.88,1.8,1.75,1.75,1.85,1.84,1.82,1.81,1.82,1.87,1.87,1.77,1.68,1.64,1.57,1.46,1.37,1.32,1.28,1.32,1.31,1.3,1.27,1.28,1.31,1.34,1.32,1.35,1.32,1.25,1.23,1.34,1.35,1.44,1.45,1.53,1.54,1.55,1.55,1.59,1.61,1.52
Indonesia,5.55,5.57,5.59,5.6,5.61,5.62,5.6,5.58,5.54,5.51,5.45,5.36,5.29,5.22,5.09,5.04,4.92,4.81,4.71,4.61,4.49,4.36,4.25,4.09,3.94,3.71,3.53,3.42,3.33,3.22,3.1,3.06,2.94,2.88,2.84,2.8,2.77,2.74,2.65,2.58,2.54,2.5,2.46,2.43,2.42,2.43,2.45,2.49,2.48,2.46,2.45,2.5,2.49,2.43,2.39,2.35,2.31,2.26,2.23,2.21,2.19,2.17,2.15
India,5.92,5.94,5.95,5.97,5.98,5.94,5.88,5.83,5.76,5.68,5.62,5.57,5.48,5.4,5.33,5.2,5.13,5.01,4.89,4.81,4.78,4.7,4.62,4.57,4.52,4.43,4.4,4.31,4.22,4.13,4.04,3.96,3.88,3.8,3.72,3.65,3.58,3.51,3.45,3.38,3.35,3.3,3.22,3.12,3.05,2.96,2.86,2.78,2.72,2.67,2.6,2.54,2.47,2.41,2.31,2.29,2.27,2.2,2.18,2.11,2.05,2.03,2.01
Ireland,3.78,3.78,3.92,4.01,4.07,4.04,3.94,3.84,3.77,3.83,3.85,3.93,3.84,3.71,3.59,3.37,3.29,3.24,3.21,3.21,3.21,3.05,2.94,2.74,2.58,2.48,2.44,2.32,2.17,2.08,2.11,2.08,1.99,1.9,1.85,1.84,1.88,1.93,1.94,1.9,1.89,1.94,1.97,1.96,1.93,1.86,1.91,2.01,2.06,2.06,2.05,2.03,1.98,1.93,1.89,1.85,1.81,1.77,1.75,1.71,1.63,1.78,1.7
Iran,7.3,7.23,7.22,7.18,7.13,7.11,7.08,7.05,6.97,6.9,6.71,6.51,6.25,6.11,6.04,6.01,6.14,6.2,6.33,6.53,6.58,6.56,6.55,6.51,6.44,6.26,6.01,5.69,5.39,5.11,4.86,4.51,4.08,3.68,3.27,2.88,2.57,2.33,2.2,2.1,2.02,1.94,1.86,1.82,1.8,1.77,1.77,1.77,1.77,1.77,1.77,1.8,1.89,1.96,2.04,2.05,2.07,2.07,1.97,1.77,1.71,1.69,1.68
Iraq,5.3,5.8,6.87,6.9,6.93,6.95,6.97,7,7.05,7.1,7.08,7.06,7.01,6.96,6.93,6.88,6.81,6.75,6.69,6.63,6.57,6.51,6.45,6.39,6.33,6.25,6.18,6.1,6.02,5.94,5.88,5.81,5.72,5.64,5.53,5.4,5.29,5.24,5.15,5.06,4.95,4.84,4.71,4.62,4.58,4.47,4.44,4.37,4.34,4.36,4.43,4.54,4.48,4.38,4.28,4.09,3.9,3.73,3.66,3.6,3.55,3.5,3.44
Iceland,4.29,3.88,3.98,3.99,3.88,3.73,3.59,3.28,3.06,2.99,2.81,2.92,3.09,2.94,2.66,2.65,2.52,2.31,2.35,2.49,2.48,2.33,2.27,2.24,2.08,1.93,1.92,2.06,2.26,2.19,2.3,2.18,2.21,2.22,2.14,2.08,2.12,2.04,2.05,1.99,2.08,1.95,1.93,1.99,2.04,2.05,2.08,2.09,2.15,2.23,2.2,2.02,2.04,1.93,1.93,1.8,1.74,1.71,1.71,1.74,1.72,1.82,1.59
Israel,3.87,3.86,3.85,3.84,3.83,3.81,3.8,3.79,3.79,3.78,3.78,3.77,3.77,3.7,3.63,3.55,3.48,3.41,3.35,3.3,3.24,3.19,3.13,3.11,3.08,3.06,3.03,3.01,2.95,2.89,2.82,2.76,2.7,2.8,2.9,2.9,2.9,2.94,2.98,2.96,2.95,2.92,2.89,2.95,2.9,2.84,2.88,2.9,2.96,2.96,3.03,2.98,3.05,3.03,3.08,3.09,3.11,3.11,3.09,3.01,2.9,3,2.89
Italy,2.4,2.44,2.46,2.51,2.66,2.6,2.58,2.5,2.46,2.47,2.38,2.4,2.35,2.3,2.28,2.17,2.04,1.93,1.84,1.73,1.64,1.58,1.56,1.51,1.46,1.42,1.35,1.33,1.36,1.33,1.33,1.3,1.3,1.25,1.21,1.19,1.2,1.22,1.22,1.23,1.26,1.25,1.27,1.29,1.34,1.34,1.37,1.4,1.45,1.45,1.46,1.44,1.43,1.39,1.37,1.35,1.34,1.32,1.29,1.27,1.24,1.25,1.24
Jamaica,5.58,5.45,5.38,5.51,5.68,5.75,5.83,5.85,5.82,5.75,5.64,5.5,5.29,5.03,4.76,4.5,4.22,4.12,3.96,3.84,3.73,3.64,3.56,3.48,3.39,3.31,3.22,3.14,3.07,3,2.85,2.91,2.95,2.96,2.94,2.88,2.67,2.66,2.59,2.45,2.21,2.17,2.15,2.13,2.13,2.06,2.07,1.91,1.89,1.86,1.74,1.73,1.7,1.64,1.57,1.59,1.52,1.44,1.39,1.37,1.36,1.35,1.34
Jordan,7.67,7.77,7.85,7.92,7.99,8.08,8.09,8.11,8.12,8.13,8.11,8.09,8.06,8.02,7.96,7.89,7.81,7.71,7.58,7.43,7.27,7.1,6.93,6.77,6.61,6.46,6.32,6.12,5.93,5.73,5.48,5.29,5.11,4.96,4.81,4.66,4.51,4.34,4.16,4.04,3.92,3.85,3.83,3.84,3.8,3.78,3.8,3.85,3.89,3.84,3.78,3.68,3.56,3.44,3.31,3.17,3.08,3.03,2.97,2.92,2.87,2.83,2.79
Japan,2,1.96,1.98,2,2.05,2.14,1.58,2.23,2.13,2.13,2.13,2.16,2.14,2.14,2.05,1.91,1.85,1.8,1.79,1.77,1.75,1.74,1.77,1.8,1.81,1.76,1.72,1.69,1.66,1.57,1.54,1.53,1.5,1.46,1.5,1.42,1.43,1.39,1.38,1.34,1.36,1.33,1.32,1.29,1.29,1.26,1.32,1.34,1.37,1.37,1.39,1.39,1.41,1.43,1.42,1.45,1.44,1.43,1.42,1.36,1.33,1.3,1.26
Kazakhstan,4.53,4.49,4.4,4.34,4.22,4.11,4.01,3.88,3.68,3.54,3.53,3.54,3.57,3.51,3.45,3.39,3.33,3.27,3.17,3.02,2.9,2.95,3,3.04,3.08,3.08,3.13,3.19,3.13,2.82,2.72,2.61,2.5,2.3,2.28,2.26,2.13,2,1.8,1.8,1.8,1.9,2,2.03,2.21,2.22,2.36,2.47,2.68,2.55,2.59,2.59,2.62,2.64,2.73,2.74,2.77,2.75,2.84,2.9,3.13,3.32,3.05
Kenya,7.63,7.72,7.8,7.86,7.92,8.03,8.06,8.05,8.04,8.03,8.02,8,7.97,7.94,7.91,7.88,7.84,7.8,7.75,7.68,7.6,7.51,7.4,7.26,7.12,6.97,6.85,6.68,6.5,6.32,6.13,5.93,5.75,5.57,5.45,5.37,5.31,5.26,5.25,5.18,5.14,5.09,5.02,4.91,4.83,4.78,4.75,4.72,4.65,4.51,4.37,4.22,4.09,3.95,3.84,3.8,3.72,3.64,3.58,3.47,3.4,3.33,3.3
Kyrgyz Republic,5.38,5.43,5.48,5.51,5.46,5.41,5.3,5.2,5.09,5.04,5.01,4.97,4.96,4.85,4.73,4.66,4.61,4.58,4.49,4.37,4.22,4.2,4.19,4.18,4.23,4.21,4.22,4.15,4.01,3.88,3.63,3.58,3.52,3.2,2.9,3.1,2.8,2.6,2.7,2.6,2.4,2.4,2.4,2.5,2.6,2.5,2.7,2.7,2.8,2.9,3.1,3.1,3.2,3.1,3.2,3.2,3.1,3,3.3,3.3,3.1,2.89,2.8
Cambodia,6.25,6.12,6,5.85,5.86,5.82,5.77,5.71,5.65,5.56,5.72,5.87,5.99,5.56,4.8,4.1,3.41,2.72,3.34,4.56,5.77,6.04,6.19,6.3,6.34,6.31,6.23,6.1,5.94,5.72,5.64,5.57,5.45,5.27,5.05,4.82,4.59,4.39,4.14,3.92,3.77,3.65,3.56,3.44,3.35,3.24,3.15,3.08,2.97,2.87,2.77,2.7,2.66,2.62,2.59,2.55,2.51,2.47,2.44,2.4,2.38,2.34,2.32
Kiribati,6.55,6.63,6.56,6.49,6.41,6.36,6.31,6.15,5.97,5.79,5.59,5.4,5.26,5.14,5.08,5.03,4.99,4.99,5,5,4.99,4.99,4.98,4.95,4.94,4.93,4.89,4.82,4.75,4.7,4.64,4.59,4.53,4.46,4.42,4.38,4.39,4.33,4.25,4.16,4.07,3.96,3.85,3.74,3.78,3.8,3.84,3.88,3.9,3.89,3.88,3.86,3.77,3.69,3.6,3.53,3.47,3.43,3.41,3.37,3.33,3.3,3.27
St. Kitts and Nevis,7.17,6.92,6.69,6.74,6.66,6.54,6.27,5.87,5.5,5.26,5.01,4.78,4.36,4.14,3.98,3.85,3.77,3.65,3.42,3.33,3.35,3.39,3.45,3.25,3.06,3,2.86,2.77,2.74,2.78,2.79,2.62,2.45,2.4,2.35,2.36,2.33,2.39,2.38,2.33,2.2,2.09,2.04,2,1.96,1.93,1.9,1.87,1.83,1.8,1.76,1.74,1.71,1.68,1.67,1.64,1.63,1.61,1.59,1.57,1.55,1.53,1.51
South Korea,5.95,5.81,5.62,5.41,5.19,5,4.81,4.63,4.49,4.47,4.53,4.54,4.12,4.07,3.77,3.43,3,2.99,2.64,2.9,2.82,2.57,2.39,2.06,1.74,1.66,1.58,1.53,1.55,1.56,1.57,1.71,1.76,1.65,1.66,1.63,1.57,1.54,1.46,1.43,1.48,1.31,1.18,1.19,1.16,1.08,1.13,1.26,1.19,1.15,1.23,1.24,1.3,1.19,1.21,1.24,1.17,1.05,0.977,0.918,0.837,0.808,0.778
Kosovo,6.36,6.35,6.33,6.3,6.13,5.93,5.74,5.78,5.75,5.86,5.5,5.67,5.62,5.42,5.47,5.25,5.27,4.96,4.69,4.49,4.91,4.46,4.73,4.66,4.59,4.31,4.17,3.75,3.95,3.64,3.65,3.44,2.87,2.73,2.6,2.6,2.6,2.57,2.59,2.64,2.66,2.62,2.53,2.28,2.46,2.61,2.43,2.36,2.44,2.44,2.43,1.99,2,2.1,1.87,1.75,1.66,1.65,1.6,1.55,1.53,1.52,1.51
Kuwait,7.16,7.21,7.25,7.3,7.31,7.33,7.34,7.32,7.26,7.14,6.95,6.76,6.56,6.38,6.22,6.09,5.98,5.85,5.7,5.54,5.39,5.23,5.05,4.85,4.61,4.32,4.05,3.8,3.63,3.46,3.32,3.18,3.07,2.99,3,3.05,3.06,2.97,2.88,2.79,2.74,2.71,2.69,2.69,2.69,2.66,2.6,2.52,2.42,2.34,2.26,2.2,2.17,2.15,2.16,2.16,2.16,2.16,2.17,2.16,2.14,2.11,2.09
Lao,6.29,6.31,6.31,6.32,6.31,6.32,6.31,6.31,6.3,6.3,6.31,6.29,6.28,6.28,6.29,6.29,6.29,6.29,6.3,6.31,6.33,6.35,6.37,6.38,6.38,6.36,6.32,6.27,6.21,6.15,6.08,6,5.88,5.75,5.55,5.35,5.15,4.96,4.78,4.66,4.4,4.21,4.04,3.91,3.81,3.67,3.6,3.49,3.38,3.26,3.15,3.05,2.95,2.87,2.8,2.77,2.72,2.67,2.62,2.57,2.54,2.5,2.45
Lebanon,5.82,5.81,5.8,5.78,5.72,5.65,5.57,5.49,5.38,5.28,5.17,5.04,4.93,4.8,4.68,4.56,4.42,4.31,4.2,4.09,4.03,3.98,3.88,3.79,3.7,3.59,3.5,3.43,3.4,3.39,3.29,3.19,3.08,2.97,2.87,2.78,2.74,2.66,2.6,2.55,2.5,2.46,2.41,2.35,2.27,2.2,2.16,2.11,2.08,2.08,2.13,2.16,2.17,2.17,2.18,2.18,2.18,2.17,2.15,2.13,2.1,2.09,2.08
Liberia,6.39,6.45,6.5,6.56,6.58,6.62,6.63,6.65,6.66,6.64,6.58,6.54,6.6,6.65,6.69,6.74,6.79,6.84,6.88,6.92,6.87,6.83,6.79,6.76,6.73,6.69,6.64,6.57,6.51,6.43,6.37,6.32,6.28,6.25,6.21,6.17,6.13,6.08,6.02,5.95,5.88,5.77,5.65,5.55,5.51,5.52,5.53,5.46,5.33,5.17,5.06,4.97,4.88,4.75,4.62,4.52,4.46,4.4,4.34,4.26,4.17,4.09,4.02
Libya,7.37,7.45,7.55,7.7,7.82,7.91,7.99,8.02,8.04,8.07,8.1,8.13,8.1,8.07,8.02,7.96,7.9,7.82,7.71,7.58,7.22,7.02,6.83,6.63,6.43,6.24,6.02,5.79,5.53,5.26,4.97,4.67,4.38,4.11,3.86,3.64,3.44,3.27,3.11,2.97,2.85,2.97,2.91,2.86,2.81,2.77,2.7,2.65,2.6,2.56,2.6,2.65,2.68,2.72,2.75,2.71,2.67,2.63,2.58,2.54,2.51,2.46,2.4
St. Lucia,6.97,6.93,6.88,6.82,6.76,6.69,6.61,6.51,6.39,6.25,6.1,5.95,5.81,5.69,5.57,5.46,5.35,5.22,5.06,4.89,4.7,4.51,4.33,4.16,4.01,3.89,3.78,3.68,3.59,3.5,3.4,3.3,3.2,3.1,3,2.89,2.77,2.64,2.5,2.35,2.2,2.06,1.93,1.83,1.74,1.68,1.63,1.6,1.57,1.55,1.54,1.52,1.51,1.5,1.49,1.47,1.46,1.45,1.44,1.42,1.41,1.4,1.39
Liechtenstein,,,,,,,,,,,,,,,,,,,,,,,,,,,,,,,,,,,,,,,,,1.57,1.52,1.47,1.36,1.44,1.49,1.43,1.42,1.43,1.71,1.4,1.69,1.51,1.45,1.59,1.4,1.61,1.44,1.58,1.48,1.46,1.53,1.47
Sri Lanka,5.46,5.33,5.26,5.21,5.13,5,4.88,4.86,4.68,4.5,4.36,4.24,4.15,4.03,3.85,3.79,3.75,3.68,3.72,3.74,3.64,3.58,3.3,3.09,2.99,2.88,2.74,2.66,2.56,2.56,2.52,2.5,2.48,2.41,2.34,2.29,2.24,2.18,2.12,2.14,2.19,2.26,2.27,2.28,2.27,2.28,2.34,2.33,2.27,2.22,2.2,2.21,2.2,2.18,2.13,2.09,2.07,2.05,2.03,2.02,2,1.99,1.97
Lesotho,5.82,5.81,5.8,5.8,5.77,5.78,5.77,5.76,5.75,5.74,5.73,5.76,5.76,5.77,5.83,5.9,5.93,5.9,5.85,5.8,5.75,5.68,5.61,5.54,5.46,5.37,5.28,5.16,5.05,4.9,4.76,4.64,4.52,4.37,4.22,4.14,4.07,3.99,3.85,3.74,3.66,3.66,3.68,3.63,3.52,3.44,3.43,3.44,3.41,3.32,3.25,3.32,3.31,3.33,3.29,3.26,3.24,3.19,3.14,3.09,3.05,3.02,2.98
Lithuania,2.56,2.53,2.45,2.35,2.28,2.23,2.22,2.23,2.24,2.3,2.4,2.41,2.34,2.22,2.21,2.18,2.18,2.14,2.08,2.05,1.99,1.98,1.97,2.1,2.07,2.08,2.12,2.11,2.02,1.98,2.03,2.01,1.97,1.74,1.57,1.55,1.49,1.47,1.46,1.46,1.39,1.29,1.23,1.26,1.27,1.29,1.33,1.36,1.45,1.5,1.5,1.55,1.6,1.59,1.63,1.7,1.69,1.63,1.63,1.61,1.48,1.36,1.27
Luxembourg,2.29,,2.37,,2.34,2.42,2.34,2.24,2.12,2.02,1.97,1.95,1.75,1.58,1.58,1.55,1.48,1.5,1.48,1.48,1.5,1.55,1.49,1.43,1.42,1.38,1.43,1.4,1.51,1.52,1.6,1.6,1.64,1.7,1.72,1.7,1.77,1.71,1.68,1.74,1.76,1.66,1.63,1.62,1.66,1.63,1.65,1.61,1.61,1.59,1.63,1.52,1.57,1.55,1.5,1.47,1.41,1.39,1.38,1.34,1.36,1.38,1.31
Latvia,1.94,1.94,1.91,1.85,1.79,1.74,1.76,1.8,1.83,1.88,1.96,2,2,1.98,1.97,1.96,1.93,1.89,1.87,1.87,1.86,1.88,1.97,2.07,2.09,2.08,2.12,2.15,2.11,2.05,2.02,1.86,1.73,1.51,1.39,1.25,1.16,1.11,1.09,1.16,1.25,1.22,1.26,1.32,1.29,1.39,1.46,1.54,1.58,1.46,1.36,1.33,1.44,1.52,1.65,1.7,1.74,1.69,1.6,1.61,1.55,1.57,1.47
"Macao, China",4.93,4.73,4.53,4.39,4.16,3.84,3.47,3.09,2.68,2.35,2.1,1.96,1.87,1.77,1.69,1.6,1.54,1.54,1.56,1.66,1.78,1.87,1.96,2.04,2.07,2.1,2.04,1.94,1.84,1.81,1.74,1.64,1.57,1.48,1.42,1.34,1.25,1.16,1.07,0.991,0.912,0.84,0.8,0.792,0.8,0.834,0.874,0.918,0.947,0.986,1.04,1.11,1.18,1.2,1.22,1.2,1.18,1.12,1.1,1.08,1.07,1.09,1.11
St. Martin (French part),5.95,5.96,5.95,5.94,5.93,5.92,5.89,5.86,5.84,5.79,5.73,5.65,5.56,5.43,5.28,5.09,4.91,4.71,4.5,4.31,4.12,3.92,3.7,3.52,3.38,3.27,3.17,3.08,3.02,2.95,2.89,2.85,2.81,2.78,2.76,2.74,2.74,2.73,2.73,2.72,2.71,2.71,2.69,2.67,2.63,2.59,2.55,2.51,2.48,2.43,2.4,2.41,2.75,2.67,2.6,2.56,2.53,2.52,2.52,2.48,2.45,2.42,2.38
Morocco,7.04,7.07,7.09,7,6.97,6.93,6.89,6.84,6.78,6.72,6.67,6.61,6.53,6.46,6.37,6.27,6.14,6,5.87,5.8,5.73,5.65,5.55,5.35,5.15,4.96,4.75,4.54,4.33,4.14,4.02,3.94,3.81,3.61,3.47,3.33,3.22,3.12,3.01,2.87,2.8,2.71,2.67,2.63,2.6,2.57,2.56,2.55,2.55,2.58,2.59,2.61,2.6,2.59,2.55,2.53,2.45,2.45,2.42,2.38,2.35,2.33,2.3
Moldova,3.33,3.23,3.04,2.89,2.71,2.69,2.66,2.63,2.6,2.57,2.56,2.56,2.56,2.57,2.56,2.53,2.48,2.44,2.39,2.39,2.38,2.4,2.45,2.58,2.67,2.66,2.74,2.77,2.63,2.47,2.39,2.28,2.22,2.1,1.99,1.83,1.73,1.76,1.65,1.56,1.5,1.46,1.44,1.48,1.54,1.53,1.54,1.57,1.64,1.7,1.7,1.66,1.66,1.65,1.82,1.87,1.89,1.81,1.81,1.78,1.77,1.81,1.8
Madagascar,7.3,7.3,7.3,7.3,7.31,7.31,7.31,7.3,7.3,7.29,7.27,7.25,7.22,7.19,7.15,7.1,7.04,6.98,6.9,6.81,6.72,6.64,6.55,6.48,6.41,6.35,6.31,6.29,6.21,6.18,6.16,6.12,6.08,6.04,5.99,5.95,5.89,5.8,5.67,5.55,5.4,5.32,5.22,5.17,5.13,5.09,5.06,5,4.93,4.87,4.75,4.61,4.47,4.36,4.25,4.18,4.16,4.11,4.04,3.98,3.92,3.85,3.79
Maldives,6.8,6.84,6.91,6.94,6.98,7.02,7.09,7.18,7.22,7.26,7.3,7.28,7.25,7.29,7.27,7.19,7.17,7.14,7.14,7.17,7.17,7.16,7.16,7.15,7.1,7.02,6.91,6.79,6.61,6.38,6.09,5.74,5.4,5.04,4.67,4.32,3.93,3.57,3.25,2.96,2.71,2.52,2.41,2.34,2.28,2.23,2.23,2.29,2.36,2.37,2.32,2.26,2.2,2.12,2.06,1.99,1.91,1.84,1.78,1.74,1.71,1.69,1.68
Mexico,6.76,6.78,6.8,6.82,6.83,6.82,6.79,6.75,6.71,6.65,6.55,6.44,6.32,6.18,6,5.79,5.6,5.41,5.25,5,4.78,4.6,4.44,4.29,4.18,4.09,3.97,3.8,3.65,3.55,3.45,3.37,3.29,3.22,3.13,3.04,2.96,2.87,2.8,2.77,2.72,2.67,2.62,2.58,2.54,2.5,2.46,2.42,2.39,2.36,2.34,2.32,2.29,2.27,2.21,2.14,2.09,2.04,2,1.92,1.91,1.82,1.8
Marshall Islands,8.23,8.27,8.29,8.31,8.33,8.34,8.36,8.34,8.31,8.26,8.21,8.15,8.09,8.04,7.98,7.91,7.83,7.74,7.64,7.54,7.44,7.34,7.25,7.14,7.04,6.92,6.79,6.64,6.44,6.24,6.03,5.83,5.63,5.46,5.31,5.15,5.02,4.89,4.79,4.7,4.59,4.49,4.38,4.29,4.21,4.13,4.06,3.97,3.86,3.76,3.63,3.51,3.39,3.27,3.16,3.06,2.98,2.93,2.88,2.82,2.78,2.73,2.67
North Macedonia,3.97,3.81,3.68,3.61,3.56,3.52,3.43,3.33,3.22,3.1,2.96,2.86,2.77,2.69,2.64,2.59,2.54,2.49,2.45,2.43,2.42,2.42,2.44,2.4,2.36,2.32,2.29,2.27,2.23,2.2,2.19,2.19,2.12,2.1,2.22,2.13,2.06,1.92,1.89,1.77,1.86,1.74,1.79,1.74,1.53,1.5,1.46,1.46,1.47,1.5,1.6,1.46,1.5,1.5,1.5,1.49,1.5,1.43,1.42,1.34,1.31,1.6,1.6
Mali,7,7,7.02,7.03,7.05,7.08,7.1,7.13,7.15,7.17,7.18,7.2,7.2,7.21,7.23,7.24,7.25,7.28,7.3,7.32,7.33,7.32,7.27,7.23,7.22,7.21,7.24,7.25,7.26,7.28,7.25,7.22,7.18,7.12,7.07,6.99,6.95,6.91,6.89,6.88,6.87,6.85,6.82,6.78,6.74,6.72,6.69,6.66,6.64,6.61,6.58,6.54,6.52,6.49,6.44,6.38,6.32,6.25,6.18,6.1,6.04,5.96,5.87
Malta,3.62,3.27,3.24,2.9,2.79,2.52,2.33,2.24,2.12,2.02,2.03,2.06,2.01,1.65,1.64,2.27,2.21,2.14,2.05,2.1,1.99,1.87,1.9,1.92,1.95,1.95,1.93,1.97,2.06,2.1,2.02,1.99,2.07,1.96,1.84,1.77,1.99,1.93,1.84,1.73,1.68,1.48,1.45,1.48,1.4,1.38,1.36,1.35,1.43,1.42,1.36,1.45,1.42,1.36,1.38,1.37,1.37,1.26,1.23,1.14,1.13,1.13,1.15
Myanmar,5.98,5.98,5.99,5.99,5.99,5.99,5.96,5.92,5.87,5.81,5.75,5.68,5.59,5.49,5.38,5.29,5.21,5.12,5.02,4.94,4.83,4.73,4.67,4.62,4.5,4.3,4.09,3.89,3.71,3.64,3.54,3.45,3.36,3.28,3.19,3.11,3.04,2.96,2.89,2.83,2.79,2.78,2.78,2.7,2.62,2.55,2.5,2.48,2.43,2.39,2.35,2.31,2.27,2.26,2.24,2.25,2.25,2.23,2.21,2.2,2.17,2.15,2.13
Montenegro,3.5,3.48,3.44,3.37,3.27,3.16,3.05,2.91,2.81,2.76,2.68,2.67,2.62,2.54,2.46,2.4,2.35,2.29,2.24,2.21,2.22,2.2,2.18,2.15,2.1,2.02,2.04,2.04,1.99,1.95,1.94,2,2,1.97,1.96,1.97,1.94,1.93,1.95,1.99,2.06,1.85,1.8,1.86,1.75,1.69,1.73,1.8,1.89,1.98,1.7,1.65,1.72,1.73,1.75,1.74,1.79,1.78,1.76,1.77,1.75,1.75,1.8
Mongolia,6.83,7.01,7.24,7.38,7.45,7.48,7.54,7.53,7.52,7.49,7.46,7.43,7.4,7.35,7.27,7.13,6.97,6.82,6.67,6.47,6.26,6.03,5.84,5.65,5.47,5.27,5.04,4.85,4.68,4.45,4.23,3.9,3.52,3.16,2.95,2.79,2.62,2.47,2.36,2.3,2.25,2.19,2.13,2.05,2.02,2.03,2.13,2.3,2.45,2.53,2.51,2.6,2.74,2.9,3,3.01,2.96,2.89,2.92,2.94,2.9,2.84,2.77
Mozambique,6.32,6.38,6.45,6.49,6.52,6.55,6.59,6.63,6.67,6.71,6.72,6.72,6.74,6.73,6.71,6.69,6.66,6.64,6.61,6.58,6.51,6.46,6.4,6.39,6.4,6.38,6.36,6.34,6.3,6.28,6.22,6.16,6.1,6.03,5.96,5.89,5.85,5.88,5.86,5.83,5.81,5.78,5.73,5.73,5.67,5.61,5.55,5.51,5.58,5.63,5.63,5.55,5.45,5.34,5.13,5.06,4.99,4.92,4.85,4.78,4.71,4.64,4.56
Mauritania,6.35,6.4,6.43,6.48,6.53,6.59,6.64,6.67,6.68,6.69,6.69,6.69,6.7,6.7,6.7,6.68,6.67,6.68,6.67,6.65,6.62,6.58,6.53,6.48,6.41,6.34,6.25,6.16,6.11,6.08,6.06,6.04,6.04,6.04,5.92,5.85,5.71,5.66,5.57,5.54,5.46,5.38,5.29,5.23,5.19,5.19,5.19,5.15,5.15,5.08,5.04,5.03,4.99,4.94,4.89,4.81,4.74,4.66,4.61,4.52,4.46,4.4,4.34
Mauritius,6.17,6.18,6.12,5.99,5.79,5.51,5.19,4.85,4.52,4.21,3.95,3.74,3.58,3.44,3.34,3.2,3.13,3.06,2.99,2.89,2.78,2.65,2.51,2.39,2.16,2.02,1.99,2.05,2.14,2.23,2.32,2.3,2.37,2.21,2.25,2.14,2.12,2.04,1.97,2.05,1.99,1.91,1.94,1.87,1.92,1.88,1.77,1.74,1.67,1.59,1.57,1.55,1.54,1.44,1.43,1.36,1.4,1.44,1.41,1.4,1.44,1.41,1.32
Malawi,7.03,7.07,7.1,7.13,7.09,7.11,7.16,7.22,7.28,7.29,7.32,7.33,7.35,7.36,7.37,7.4,7.43,7.46,7.48,7.51,7.57,7.54,7.51,7.43,7.36,7.29,7.22,7.15,7.02,6.91,6.81,6.72,6.65,6.58,6.51,6.42,6.31,6.26,6.24,6.15,6.04,5.99,5.96,5.94,5.93,5.91,5.84,5.74,5.61,5.45,5.27,5.11,4.92,4.78,4.61,4.45,4.31,4.22,4.14,4.07,4,3.92,3.85
Malaysia,6.41,6.36,6.29,6.18,6.02,5.83,5.63,5.42,5.28,5.15,5.03,4.91,4.81,4.74,4.63,4.52,4.41,4.31,4.2,4.11,4.06,4.01,3.96,3.92,3.87,3.78,3.7,3.6,3.51,3.4,3.37,3.38,3.38,3.37,3.36,3.32,3.28,3.21,3.12,3.04,2.91,2.76,2.6,2.53,2.42,2.33,2.27,2.23,2.24,2.22,2.14,2.15,2.12,2.09,2.08,2.04,1.98,1.93,1.88,1.83,1.82,1.8,1.79
Namibia,6.21,6.27,6.34,6.4,6.43,6.46,6.49,6.51,6.54,6.55,6.54,6.55,6.55,6.56,6.56,6.54,6.5,6.45,6.38,6.32,6.25,6.16,6.08,6,5.93,5.85,5.77,5.67,5.58,5.47,5.32,5.22,5.07,4.89,4.67,4.43,4.21,4.15,4.15,4.11,3.98,3.83,3.72,3.62,3.58,3.56,3.54,3.55,3.59,3.61,3.63,3.66,3.68,3.65,3.63,3.6,3.57,3.51,3.46,3.4,3.35,3.3,3.25
New Caledonia,6.28,6.14,6.01,5.9,5.7,5.6,5.38,5.17,4.88,4.59,4.3,4.2,4.1,3.9,3.8,3.7,3.6,3.43,3.43,3.43,3.42,3.64,3.42,3.33,3.17,3,3.17,3.25,3.1,2.97,3.18,3.15,2.99,2.86,2.7,2.59,2.65,2.67,2.54,2.48,2.59,2.43,2.33,2.27,2.18,2.2,2.29,2.2,2.2,2.2,2.2,2.15,2.28,2.19,2.17,2.08,2.13,2.04,2.06,2.1,2.05,2.05,2.02
Niger,7.53,7.51,7.5,7.49,7.48,7.47,7.48,7.49,7.5,7.51,7.51,7.52,7.52,7.53,7.54,7.54,7.56,7.59,7.66,7.72,7.78,7.82,7.86,7.9,7.92,7.93,7.9,7.87,7.84,7.82,7.81,7.8,7.79,7.79,7.79,7.78,7.76,7.76,7.76,7.75,7.73,7.7,7.67,7.65,7.63,7.62,7.58,7.56,7.54,7.51,7.49,7.45,7.4,7.34,7.28,7.21,7.14,7.08,7.02,6.96,6.89,6.82,6.75
Nigeria,6.36,6.35,6.36,6.35,6.36,6.37,6.39,6.4,6.42,6.44,6.47,6.53,6.58,6.63,6.7,6.77,6.81,6.86,6.92,6.89,6.85,6.82,6.8,6.78,6.7,6.62,6.56,6.5,6.5,6.49,6.46,6.43,6.39,6.35,6.32,6.27,6.22,6.14,6.07,6.08,6.12,6.14,6.13,6.12,6.08,6.07,6.08,6.08,6.08,6.04,5.98,5.92,5.83,5.74,5.66,5.62,5.58,5.52,5.45,5.38,5.31,5.24,5.14
Nicaragua,7.16,7.15,7.13,7.11,7.07,7.03,6.99,6.95,6.91,6.86,6.81,6.76,6.71,6.65,6.58,6.5,6.41,6.3,6.19,6.07,5.96,5.84,5.74,5.61,5.49,5.36,5.22,5.07,4.93,4.76,4.6,4.43,4.27,4.1,3.94,3.77,3.62,3.47,3.34,3.22,3.11,3.02,2.94,2.87,2.82,2.77,2.73,2.69,2.66,2.63,2.6,2.58,2.55,2.53,2.5,2.48,2.46,2.43,2.4,2.38,2.35,2.32,2.28
Netherlands,3.12,3.22,3.18,3.19,3.17,3.04,2.9,2.81,2.72,2.75,2.57,2.36,2.15,1.9,1.77,1.66,1.63,1.58,1.58,1.56,1.6,1.56,1.5,1.47,1.49,1.51,1.55,1.56,1.55,1.55,1.62,1.61,1.59,1.57,1.57,1.53,1.53,1.56,1.63,1.65,1.72,1.71,1.73,1.75,1.72,1.71,1.72,1.72,1.77,1.79,1.79,1.76,1.72,1.68,1.71,1.66,1.66,1.62,1.59,1.57,1.54,1.62,1.49
Curaçao,4.8,4.66,4.52,4.38,4.25,4.12,3.98,3.84,3.67,3.5,3.32,3.14,2.98,2.83,2.71,2.6,2.52,2.46,2.4,2.35,2.31,2.28,2.26,2.25,2.25,2.26,2.27,2.29,2.3,2.3,2.3,2.29,2.28,2.25,2.22,2.19,2.17,2.16,2.16,2.17,2.19,2.21,2.23,2.24,2.24,2.23,2.1,2,2.2,2.1,2.2,2.1,2.2,2.1,2,1.9,1.7,1.5,1.7,1.6,1.4,1.4,1.3
Norway,2.85,2.94,2.91,2.93,2.98,2.94,2.9,2.81,2.75,2.7,2.5,2.49,2.38,2.23,2.13,1.98,1.86,1.75,1.77,1.75,1.72,1.7,1.71,1.66,1.66,1.68,1.71,1.74,1.84,1.89,1.93,1.92,1.88,1.86,1.87,1.87,1.89,1.86,1.81,1.85,1.85,1.78,1.75,1.8,1.83,1.84,1.9,1.9,1.96,1.98,1.95,1.88,1.85,1.78,1.75,1.72,1.71,1.62,1.56,1.53,1.48,1.55,1.41
Nepal,6.03,6.06,6.08,6.07,6.07,6.03,6,5.98,5.97,5.91,5.88,5.84,5.78,5.69,5.74,5.75,5.75,5.73,5.72,5.69,5.64,5.6,5.58,5.55,5.54,5.47,5.42,5.36,5.31,5.25,5.21,5.14,5.04,5,4.91,4.79,4.59,4.39,4.24,4.08,3.94,3.76,3.59,3.46,3.31,3.14,2.97,2.84,2.72,2.6,2.51,2.44,2.39,2.33,2.29,2.25,2.2,2.15,2.1,2.08,2.06,2.03,2.01
Nauru,5.27,5.29,5.29,5.28,5.3,5.29,5.21,5.07,4.94,4.78,4.63,4.49,4.36,4.25,4.14,4.07,4.02,4,4,4,4.01,4,3.98,3.97,3.96,3.97,3.97,3.97,3.96,3.96,3.95,3.94,3.91,3.88,3.85,3.82,3.81,3.78,3.73,3.68,3.64,3.59,3.53,3.5,3.49,3.5,3.54,3.63,3.72,3.83,3.91,3.95,3.93,3.89,3.86,3.83,3.79,3.73,3.67,3.62,3.57,3.52,3.46
New Zealand,4.24,4.31,4.19,4.05,3.8,3.54,3.41,3.35,3.34,3.28,3.17,3.18,3,2.76,2.58,2.37,2.27,2.21,2.07,2.12,2.03,2.01,1.95,1.92,1.93,1.93,1.96,2.03,2.1,2.12,2.18,2.09,2.06,2.04,1.98,1.98,1.96,1.96,1.89,1.97,1.98,1.97,1.89,1.93,1.98,1.97,2.01,2.18,2.19,2.13,2.17,2.09,2.1,2.01,1.92,1.99,1.87,1.81,1.71,1.72,1.61,1.64,1.66
Oman,7.25,7.25,7.25,7.26,7.26,7.27,7.28,7.28,7.29,7.29,7.31,7.35,7.41,7.5,7.62,7.75,7.86,7.94,7.99,8.04,8.1,8.13,8.1,8.02,7.9,7.76,7.58,7.37,7.13,6.87,6.61,6.34,6.04,5.76,5.47,5.19,4.89,4.62,4.34,4.13,3.89,3.69,3.5,3.35,3.2,3.05,2.92,2.81,2.81,2.84,2.94,2.94,2.93,2.95,2.96,2.96,2.95,2.94,2.88,2.78,2.69,2.62,2.57
Pakistan,6.8,6.8,6.8,6.8,6.8,6.8,6.8,6.8,6.8,6.8,6.8,6.8,6.8,6.81,6.81,6.81,6.81,6.8,6.78,6.76,6.73,6.7,6.67,6.64,6.62,6.58,6.55,6.52,6.48,6.42,6.36,6.29,6.21,6.11,6.01,5.89,5.77,5.64,5.51,5.39,5.26,5.12,5.01,4.88,4.75,4.64,4.53,4.51,4.43,4.36,4.3,4.23,4.17,4.11,4,3.9,3.83,3.76,3.69,3.62,3.56,3.47,3.41
Panama,5.84,5.87,5.87,5.87,5.81,5.73,5.65,5.55,5.43,5.3,5.17,5.05,4.91,4.74,4.58,4.42,4.27,4.13,4,3.9,3.81,3.74,3.67,3.61,3.52,3.43,3.35,3.27,3.2,3.15,3.1,3,2.95,2.91,2.88,2.85,2.83,2.81,2.79,2.77,2.74,2.72,2.7,2.68,2.69,2.67,2.64,2.63,2.63,2.61,2.6,2.63,2.64,2.61,2.59,2.56,2.53,2.49,2.44,2.38,2.34,2.33,2.3
Peru,6.94,6.92,6.89,6.86,6.81,6.75,6.68,6.6,6.51,6.42,6.32,6.21,6.09,5.97,5.84,5.71,5.58,5.44,5.3,5.17,5.04,4.92,4.79,4.68,4.57,4.46,4.35,4.25,4.14,4.03,3.91,3.79,3.67,3.55,3.43,3.31,3.2,3.1,3,2.92,2.85,2.74,2.69,2.66,2.67,2.69,2.69,2.67,2.63,2.61,2.57,2.54,2.49,2.43,2.38,2.34,2.31,2.28,2.26,2.24,2.22,2.19,2.16
Philippines,7.15,7.09,7.02,6.95,6.87,6.78,6.67,6.54,6.41,6.3,6.2,6.09,5.96,5.81,5.69,5.6,5.5,5.44,5.39,5.25,5.11,4.97,4.92,4.88,4.77,4.65,4.55,4.52,4.49,4.38,4.35,4.32,4.24,4.15,4.07,4.04,3.97,3.9,3.85,3.79,3.71,3.72,3.66,3.6,3.54,3.49,3.49,3.44,3.4,3.36,3.26,3.12,3.13,3.1,3.03,2.95,2.89,2.87,2.83,2.81,2.78,2.75,2.73
Palau,,,,,,,,,,,,,,,,,,,,,,,,,,,,,,,2.84,,,,,2.33,,,,,1.83,,,,,2.02,,,,,,,2.23,,,2.21,,,,,0.85,,
Papua New Guinea,6.02,6.07,6.13,6.15,6.19,6.2,6.23,6.24,6.25,6.26,6.25,6.23,6.2,6.16,6.11,6.07,6.02,5.96,5.88,5.79,5.71,5.64,5.59,5.56,5.51,5.47,5.42,5.36,5.3,5.24,5.18,5.11,5.03,4.96,4.87,4.78,4.73,4.68,4.63,4.59,4.53,4.47,4.42,4.36,4.28,4.22,4.15,4.08,4.01,3.94,3.88,3.82,3.75,3.68,3.63,3.56,3.5,3.43,3.38,3.32,3.27,3.21,3.17
Poland,2.98,2.83,2.72,2.7,2.57,2.52,2.34,2.33,2.24,2.2,2.2,2.25,2.24,2.26,2.26,2.27,2.3,2.23,2.21,2.28,2.28,2.24,2.34,2.42,2.37,2.33,2.22,2.15,2.13,2.08,2.06,2.07,1.95,1.87,1.81,1.62,1.59,1.51,1.44,1.37,1.37,1.31,1.25,1.22,1.23,1.24,1.27,1.31,1.39,1.4,1.41,1.33,1.33,1.29,1.32,1.32,1.39,1.48,1.46,1.44,1.39,1.33,1.26
Puerto Rico,4.8,4.51,4.36,4.53,4.11,4.04,3.82,3.57,3.38,3.31,3.24,3.29,3.06,2.93,2.88,2.77,2.86,2.92,2.9,2.85,2.81,2.71,2.61,2.46,2.35,2.35,2.35,2.33,2.31,2.39,2.38,2.3,2.29,2.31,2.28,2.25,1.94,1.9,1.9,2,2.05,1.93,1.83,1.76,1.78,1.77,1.71,1.65,1.65,1.65,1.62,1.6,1.54,1.47,1.43,1.34,1.24,1.1,1.03,0.982,0.922,0.907,0.9
North Korea,3.57,3.26,3.41,3.63,3.55,3.56,3.71,4.05,3.87,3.86,3.85,3.74,3.89,3.35,3.14,3.05,2.84,2.77,2.79,2.85,2.84,2.84,2.76,2.69,2.63,2.58,2.54,2.46,2.41,2.35,2.35,2.34,2.29,2.25,2.2,2.16,2.11,2.03,2.01,1.99,1.97,1.98,1.94,1.91,1.96,1.96,1.96,1.96,1.98,1.95,1.81,1.81,1.84,1.86,1.89,1.88,1.87,1.86,1.84,1.84,1.82,1.81,1.79
Portugal,3.16,3.21,3.23,3.12,3.21,3.15,3.16,3.16,3.12,3.12,3.01,3,2.86,2.77,2.7,2.75,2.82,2.69,2.45,2.31,2.25,2.13,2.07,1.95,1.9,1.72,1.66,1.62,1.61,1.57,1.56,1.56,1.54,1.52,1.45,1.41,1.44,1.47,1.47,1.5,1.55,1.45,1.46,1.44,1.4,1.41,1.37,1.35,1.39,1.34,1.39,1.35,1.28,1.21,1.23,1.31,1.36,1.38,1.42,1.43,1.41,1.35,1.43
Paraguay,6.5,6.49,6.47,6.45,6.42,6.36,6.26,6.13,6.01,5.87,5.74,5.59,5.46,5.35,5.27,5.21,5.15,5.12,5.06,5.09,5.12,5.17,5.13,5.09,5.04,4.97,4.9,4.82,4.73,4.64,4.55,4.46,4.37,4.28,4.2,4.11,4.01,3.91,3.8,3.68,3.55,3.43,3.31,3.21,3.12,3.04,2.97,2.91,2.85,2.79,2.73,2.67,2.63,2.64,2.65,2.65,2.62,2.59,2.56,2.52,2.5,2.47,2.44
Palestine,,,,,,,,,,,,,,,,,,,,,,,,,,,,,,,6.78,6.72,6.63,6.5,6.34,6.17,6,5.82,5.7,5.58,5.44,5.32,5.19,5.02,4.94,4.84,4.72,4.61,4.5,4.41,4.38,4.27,4.16,4.08,4.04,4.05,3.94,3.81,3.71,3.64,3.57,3.5,3.44
French Polynesia,5.89,5.89,5.89,5.88,5.88,5.88,5.86,5.83,5.79,5.74,5.62,5.46,5.29,5.11,4.91,4.71,4.52,4.37,4.04,3.94,3.94,3.94,3.8,3.74,3.83,3.86,3.71,3.62,3.75,3.49,3.44,3.26,3.15,3.08,2.94,2.78,2.72,2.59,2.49,2.58,2.6,2.52,2.43,2.27,2.2,2.19,2.22,2.13,2.19,2.15,2.16,2.07,2.03,1.95,1.96,1.91,1.85,1.8,1.79,1.71,1.71,1.7,1.69
Qatar,6.65,6.66,6.67,6.69,6.69,6.72,6.74,6.67,6.61,6.54,6.48,6.41,6.33,6.27,6.18,6.1,6,5.91,5.79,5.66,5.51,5.38,5.21,5.06,4.88,4.73,4.61,4.54,4.49,4.37,4.18,3.88,3.77,3.74,3.66,3.57,3.5,3.43,3.34,3.27,3.23,3.18,3.04,2.91,2.75,2.58,2.43,2.34,2.28,2.18,2.09,2.04,1.97,1.93,1.9,1.86,1.83,1.84,1.85,1.83,1.82,1.8,1.78
Romania,2.34,2.17,2.04,2.01,1.96,1.91,1.9,3.66,3.63,3.19,2.89,2.67,2.55,2.44,2.71,2.59,2.54,2.57,2.52,2.49,2.43,2.36,2.17,2.06,2.26,2.31,2.39,2.38,2.3,2.22,1.83,1.59,1.51,1.43,1.4,1.33,1.3,1.32,1.32,1.3,1.31,1.27,1.27,1.3,1.33,1.4,1.42,1.45,1.6,1.66,1.59,1.47,1.52,1.46,1.56,1.62,1.69,1.78,1.76,1.77,1.8,1.81,1.81
Russia,2.52,2.45,2.36,2.27,2.18,2.13,2.1,2.04,1.99,1.97,1.99,2.03,2.04,2.01,2,1.98,1.97,1.95,1.92,1.9,1.89,1.91,2.04,2.11,2.06,2.05,2.15,2.22,2.12,2.01,1.89,1.73,1.55,1.39,1.4,1.34,1.27,1.22,1.23,1.16,1.2,1.22,1.29,1.32,1.34,1.29,1.3,1.42,1.5,1.54,1.57,1.58,1.69,1.71,1.75,1.78,1.76,1.62,1.58,1.5,1.5,1.5,1.42
Rwanda,8.19,8.19,8.2,8.2,8.2,8.2,8.2,8.2,8.21,8.22,8.23,8.23,8.23,8.23,8.23,8.22,8.24,8.24,8.25,8.23,8.19,8.16,8.09,7.99,7.87,7.72,7.56,7.39,7.23,7.06,6.87,6.71,6.61,6.51,6.41,6.32,6.25,6.18,6.12,6.01,5.92,5.84,5.75,5.67,5.57,5.44,5.28,5.1,4.9,4.72,4.53,4.36,4.23,4.16,4.11,4.08,4.06,4.03,3.99,3.94,3.87,3.82,3.75
Saudi Arabia,7.63,7.63,7.64,7.65,7.67,7.66,7.66,7.66,7.63,7.6,7.58,7.56,7.54,7.48,7.43,7.37,7.33,7.29,7.26,7.23,7.18,7.13,7.05,6.95,6.84,6.7,6.55,6.36,6.17,6,5.83,5.66,5.49,5.32,5.14,4.95,4.77,4.59,4.42,4.25,4.12,3.91,3.71,3.5,3.34,3.24,3.21,3.18,3.06,2.95,2.85,2.81,2.78,2.74,2.69,2.64,2.59,2.58,2.55,2.5,2.46,2.43,2.39
Sudan,6.65,6.63,6.69,6.75,6.8,6.85,6.9,6.94,6.97,7,7.03,7.06,7.01,6.96,6.95,6.93,6.9,6.87,6.84,6.78,6.73,6.68,6.64,6.6,6.55,6.49,6.42,6.36,6.28,6.23,6.17,6.12,6.05,5.96,5.87,5.79,5.71,5.6,5.5,5.45,5.38,5.33,5.25,5.17,5.09,5.04,5.04,5.07,5.07,5.05,5.02,4.96,4.89,4.9,4.91,4.9,4.83,4.76,4.68,4.62,4.54,4.46,4.38
Senegal,7,7.04,7.08,7.12,7.16,7.19,7.22,7.24,7.25,7.26,7.26,7.26,7.26,7.25,7.25,7.25,7.26,7.27,7.28,7.29,7.29,7.28,7.25,7.19,7.11,7.01,6.9,6.79,6.58,6.48,6.4,6.27,6.15,6.05,5.92,5.82,5.72,5.64,5.58,5.57,5.5,5.41,5.31,5.25,5.18,5.19,5.2,5.11,5.05,5.08,5.06,5.04,5,4.96,4.91,4.78,4.68,4.62,4.58,4.52,4.45,4.39,4.31
Singapore,5.76,5.41,5.21,5.16,4.97,4.66,4.46,3.91,3.53,3.22,3.07,3.02,3.04,2.79,2.35,2.07,2.11,1.82,1.79,1.79,1.82,1.78,1.74,1.61,1.62,1.61,1.43,1.62,1.96,1.75,1.83,1.73,1.72,1.74,1.71,1.67,1.66,1.61,1.48,1.47,1.6,1.41,1.37,1.27,1.26,1.26,1.28,1.29,1.28,1.22,1.15,1.2,1.29,1.19,1.25,1.24,1.2,1.16,1.14,1.14,1.1,1.12,1.04
Solomon Islands,6.97,6.97,6.97,6.96,6.96,6.95,6.94,6.94,6.92,6.97,7,7.03,7.06,7.09,7.13,7.07,7.02,6.95,6.87,6.78,6.71,6.61,6.52,6.42,6.31,6.22,6.11,5.99,5.88,5.78,5.66,5.54,5.45,5.38,5.31,5.24,5.12,4.99,4.9,4.82,4.76,4.69,4.63,4.57,4.52,4.47,4.48,4.44,4.41,4.39,4.4,4.41,4.41,4.42,4.42,4.36,4.29,4.22,4.16,4.1,4.04,3.98,3.92
Sierra Leone,6.17,6.21,6.22,6.26,6.29,6.31,6.34,6.38,6.38,6.39,6.41,6.43,6.45,6.47,6.53,6.55,6.55,6.57,6.59,6.58,6.56,6.55,6.56,6.57,6.59,6.59,6.6,6.61,6.59,6.57,6.57,6.55,6.55,6.57,6.56,6.55,6.55,6.53,6.5,6.42,6.36,6.3,6.23,6.09,5.92,5.81,5.74,5.64,5.56,5.45,5.33,5.21,5.06,4.87,4.7,4.55,4.47,4.39,4.29,4.19,4.08,3.98,3.88
El Salvador,6.63,6.67,6.68,6.69,6.68,6.65,6.58,6.49,6.39,6.28,6.18,6.1,6,5.89,5.79,5.68,5.57,5.46,5.34,5.23,5.11,4.99,4.83,4.67,4.51,4.35,4.21,4.18,4.11,4.02,3.95,3.87,3.81,3.73,3.66,3.58,3.48,3.38,3.36,3.26,3.14,2.98,2.81,2.67,2.55,2.46,2.39,2.33,2.29,2.26,2.24,2.22,2.19,2.15,2.13,2.07,1.97,1.9,1.85,1.84,1.82,1.8,1.78
San Marino,,,,,,,,,,,,,,,,,,,,,,,,,,,,,,,,,,,,,,,,,,,,,,,,,,,,,1.26,,,,,,,,,,
Somalia,7.25,7.25,7.25,7.26,7.26,7.26,7.26,7.25,7.23,7.21,7.18,7.15,7.12,7.09,7.06,7.03,7.02,7,7.13,7.16,7.18,7.23,7.25,7.28,7.3,7.33,7.35,7.37,7.4,7.42,7.44,7.47,7.5,7.53,7.54,7.58,7.62,7.66,7.65,7.63,7.61,7.58,7.58,7.55,7.52,7.48,7.46,7.42,7.39,7.34,7.3,7.26,7.2,7.13,7.06,6.98,6.89,6.74,6.63,6.53,6.42,6.31,6.2
Serbia,2.11,2.07,2.02,2.03,2,2.06,2,1.98,1.94,1.93,1.82,1.74,1.83,1.83,1.85,1.88,1.9,1.87,1.87,1.83,1.87,1.76,1.84,1.83,1.9,1.84,1.82,1.83,1.83,1.73,1.74,1.73,1.68,1.7,1.66,1.69,1.64,1.56,1.2,1.26,1.48,1.58,1.57,1.59,1.57,1.45,1.43,1.38,1.4,1.44,1.4,1.4,1.45,1.43,1.46,1.46,1.46,1.49,1.49,1.52,1.48,1.52,1.63
South Sudan,6.72,6.73,6.75,6.76,6.78,6.8,6.82,6.84,6.86,6.87,6.88,6.89,6.9,6.91,6.92,6.92,6.92,6.91,6.9,6.87,6.85,6.83,6.81,7.13,7.44,7.77,7.91,7.95,8.01,7.99,7.99,8,8,8.01,7.99,7.96,7.99,7.96,7.82,7.67,7.51,7.37,7.19,6.85,6.52,6.17,5.82,5.64,5.55,5.46,5.38,5.29,5.2,5.11,5.02,4.94,4.86,4.78,4.7,4.62,4.54,4.47,4.34
Sao Tome and Principe,6.24,6.26,6.28,6.31,6.33,6.35,6.37,6.39,6.42,6.44,6.47,6.49,6.51,6.53,6.53,6.53,6.52,6.5,6.47,6.43,6.39,6.33,6.28,6.22,6.16,6.1,6.05,5.99,5.94,5.88,5.83,5.77,5.7,5.63,5.56,5.49,5.41,5.34,5.28,5.23,5.18,5.13,5.09,5.05,5.01,4.96,4.92,4.87,4.83,4.78,4.73,4.72,4.67,4.6,4.51,4.39,4.27,4.14,4.04,3.96,3.89,3.82,3.75
Suriname,6.61,6.59,6.56,6.5,6.41,6.3,6.18,6.05,5.92,5.79,5.65,5.5,5.34,5.15,4.95,4.73,4.53,4.33,4.16,4.01,3.9,3.8,3.71,3.64,3.57,3.5,3.44,3.39,3.35,3.3,3.27,3.23,3.19,3.16,3.12,3.07,3.03,2.99,2.96,2.92,2.9,2.87,2.84,2.81,2.78,2.75,2.72,2.69,2.66,2.63,2.61,2.59,2.56,2.54,2.52,2.49,2.47,2.44,2.42,2.39,2.37,2.35,2.32
Slovak Republic,3.04,2.96,2.83,2.92,2.89,2.78,2.66,2.48,2.39,2.43,2.41,2.43,2.49,2.56,2.61,2.55,2.55,2.49,2.47,2.45,2.32,2.29,2.28,2.28,2.26,2.26,2.2,2.14,2.13,2.07,2.09,2.05,1.93,1.87,1.67,1.52,1.47,1.43,1.37,1.33,1.3,1.2,1.19,1.2,1.25,1.27,1.25,1.27,1.34,1.44,1.43,1.45,1.34,1.34,1.37,1.4,1.48,1.52,1.54,1.57,1.59,1.63,1.57
Slovenia,2.19,2.27,2.28,2.27,2.31,2.43,2.46,2.37,2.25,2.17,2.11,2.16,2.17,2.2,2.13,2.17,2.2,2.17,2.2,2.21,2.11,1.96,1.93,1.81,1.74,1.71,1.67,1.65,1.63,1.52,1.46,1.42,1.33,1.33,1.32,1.29,1.28,1.25,1.23,1.21,1.26,1.21,1.21,1.2,1.25,1.26,1.31,1.38,1.53,1.53,1.57,1.56,1.58,1.55,1.58,1.57,1.58,1.62,1.6,1.61,1.59,1.64,1.55
Sweden,2.17,2.21,2.25,2.33,2.47,2.39,2.37,2.28,2.07,1.93,1.92,1.96,1.91,1.87,1.87,1.77,1.68,1.64,1.6,1.66,1.68,1.63,1.62,1.61,1.66,1.74,1.8,1.84,1.96,2.01,2.13,2.11,2.09,1.99,1.88,1.73,1.6,1.52,1.5,1.5,1.54,1.57,1.65,1.71,1.75,1.77,1.85,1.88,1.91,1.94,1.98,1.9,1.91,1.89,1.88,1.85,1.85,1.78,1.76,1.71,1.67,1.67,1.52
Eswatini,6.75,6.77,6.79,6.86,6.82,6.82,6.82,6.75,6.76,6.76,6.76,6.76,6.72,6.68,6.75,6.75,6.74,6.7,6.64,6.58,6.54,6.47,6.4,6.33,6.25,6.17,6,5.82,5.61,5.41,5.25,5.1,4.95,4.77,4.62,4.49,4.35,4.21,4.1,4.07,4,3.9,3.81,3.76,3.73,3.68,3.62,3.56,3.54,3.47,3.36,3.3,3.25,3.23,3.17,3.12,3.07,3.02,2.96,2.92,2.89,2.84,2.79
Sint Maarten (Dutch part),4.2,4.11,4.03,3.92,3.83,3.73,3.62,3.52,3.43,3.33,3.25,3.15,3.07,2.99,2.91,2.83,2.76,2.68,2.61,2.55,2.48,2.42,2.35,2.28,2.2,2.14,2.12,2.1,2.08,2.06,2.03,2.05,2.1,2.14,2.16,2.16,2.13,2.07,1.99,1.91,1.85,1.8,1.75,1.72,1.7,1.71,1.76,1.56,1.74,1.71,1.85,1.99,1.93,1.86,1.79,1.73,1.67,1.63,1.61,1.6,1.59,1.58,1.57
Seychelles,,,,,,,,,,,,,,,,,4.5,,,,,,3.5,,,,,3,,,,,2.7,,,,,2.1,2.04,2.04,2.08,1.98,2.04,2.06,2.01,2.2,2.11,2.24,2.33,2.38,2.16,2.33,2.37,2.26,2.25,2.31,2.39,2.41,2.41,2.36,2.29,2.46,2.32
Syria,7.49,7.43,7.44,7.44,7.47,7.51,7.55,7.58,7.6,7.67,7.69,7.65,7.61,7.56,7.51,7.47,7.43,7.41,7.35,7.27,7.16,7.01,6.88,6.74,6.61,6.48,6.33,6.13,5.89,5.63,5.38,5.12,4.95,4.83,4.71,4.57,4.43,4.28,4.18,4.08,4,4.01,3.95,3.9,3.86,3.81,3.76,3.7,3.61,3.51,3.4,3.28,3.21,3.17,3.1,3.05,2.99,2.94,2.89,2.83,2.8,2.75,2.7
Turks and Caicos Islands,5.79,5.78,5.75,5.72,5.66,5.6,5.59,5.58,5.6,5.49,5.39,5.3,5.21,5.12,5.01,4.93,4.84,4.76,4.68,4.62,4.55,4.42,4.28,4.14,4.03,3.94,3.83,3.71,3.6,3.5,3.44,3.36,3.27,3.17,3.09,2.99,2.9,2.81,2.72,2.62,2.51,2.42,2.32,2.23,2.13,2.04,1.95,1.88,1.81,1.74,1.69,1.69,1.69,1.68,1.65,1.67,1.72,1.74,1.72,1.69,1.68,1.67,1.66
Chad,6.25,6.27,6.29,6.3,6.32,6.34,6.36,6.39,6.43,6.48,6.53,6.58,6.85,6.87,6.86,6.88,6.89,6.9,6.89,6.91,6.91,6.94,6.96,6.98,7.01,7.04,7.07,7.11,7.15,7.19,7.22,7.26,7.3,7.34,7.31,7.29,7.29,7.27,7.27,7.26,7.25,7.23,7.2,7.18,7.16,7.13,7.12,7.09,7.06,7.02,6.99,6.95,6.91,6.84,6.78,6.71,6.62,6.54,6.46,6.41,6.35,6.25,6.21
Togo,6.72,6.75,6.8,6.85,6.87,6.9,6.93,6.96,6.98,7.04,7.07,7.1,7.12,7.13,7.15,7.15,7.14,7.11,7.06,7,6.94,6.87,6.77,6.7,6.62,6.54,6.46,6.38,6.3,6.22,6.13,6.05,5.95,5.84,5.75,5.65,5.54,5.44,5.38,5.33,5.27,5.23,5.19,5.14,5.08,5.07,5.08,5.09,5.05,5.03,5.01,4.92,4.81,4.72,4.66,4.59,4.56,4.5,4.44,4.38,4.32,4.26,4.2
Thailand,6.25,6.26,6.28,6.29,6.25,6.19,6.11,6.01,5.89,5.73,5.55,5.36,5.15,4.9,4.63,4.4,4.15,3.9,3.66,3.51,3.36,3.18,3,2.83,2.66,2.52,2.41,2.29,2.19,2.15,2.09,2.05,2.03,1.99,1.95,1.9,1.89,1.86,1.78,1.66,1.61,1.59,1.57,1.57,1.57,1.58,1.57,1.58,1.58,1.57,1.58,1.6,1.59,1.55,1.51,1.47,1.44,1.41,1.38,1.35,1.34,1.33,1.32
Tajikistan,6.55,6.66,6.76,6.84,6.91,6.96,7,7.02,7.04,7.03,7,6.94,6.84,6.75,6.67,6.6,6.49,6.39,6.3,6.21,6.11,6.01,5.9,5.85,5.8,5.77,5.73,5.66,5.57,5.46,5.34,5.18,4.96,4.81,4.77,4.66,4.44,4.32,4.28,4.13,4.01,3.88,3.77,3.61,3.53,3.44,3.38,3.37,3.39,3.43,3.46,3.46,3.42,3.43,3.46,3.46,3.38,3.29,3.29,3.28,3.24,3.19,3.14
Turkmenistan,6.59,6.69,6.76,6.79,6.79,6.76,6.7,6.63,6.56,6.48,6.4,6.32,6.19,6.11,6.01,5.9,5.8,5.68,5.54,5.4,5.25,5.11,4.97,4.93,4.87,4.88,4.86,4.8,4.62,4.45,4.24,4.11,3.96,3.84,3.67,3.51,3.34,3.21,3.1,3,2.9,2.79,2.69,2.67,2.65,2.66,2.67,2.68,2.71,2.77,2.83,2.89,2.94,2.96,2.96,2.93,2.89,2.84,2.79,2.74,2.7,2.67,2.62
Timor-Leste,6.32,6.27,6.22,6.16,6.08,6.01,5.93,5.86,5.79,5.72,5.66,5.58,5.49,5.39,5.29,5.19,5.12,5.08,5.09,5.14,5.22,5.53,5.55,5.59,5.61,5.65,5.67,5.68,5.72,5.76,5.81,5.83,5.87,5.88,5.91,5.94,5.94,5.96,5.96,5.97,5.98,6.01,6.02,5.95,5.85,5.71,5.56,5.4,5.22,5.04,4.84,4.66,4.44,4.27,4.08,3.9,3.74,3.6,3.45,3.34,3.25,3.15,3.05
Tonga,6.88,6.84,6.8,6.77,6.73,6.66,6.6,6.59,6.37,6.15,5.94,5.76,5.62,5.51,5.45,5.43,5.44,5.47,5.51,5.54,5.55,5.53,5.47,5.38,5.27,5.13,4.99,4.86,4.76,4.69,4.64,4.61,4.58,4.55,4.5,4.45,4.43,4.37,4.33,4.2,4.11,4.07,4.14,4.19,4.21,4.18,4.14,4.09,4.03,3.96,3.89,3.84,3.78,3.71,3.63,3.56,3.48,3.41,3.35,3.31,3.27,3.24,3.19
Trinidad and Tobago,5.34,5.3,5.22,5.06,4.85,4.59,4.29,4.06,3.92,3.65,3.6,3.6,3.6,3.48,3.34,3.24,3.19,3.17,3.21,3.23,3.24,3.27,3.24,3.17,3.07,3.06,2.98,2.84,2.68,2.52,2.38,2.28,2.21,2.1,2.02,1.93,1.87,1.82,1.8,1.79,1.77,1.75,1.72,1.71,1.69,1.68,1.69,1.71,1.71,1.69,1.7,1.71,1.71,1.7,1.69,1.68,1.68,1.66,1.65,1.64,1.63,1.63,1.61
Tunisia,6.94,6.97,6.99,7.01,7.01,7.1,7.05,6.96,6.83,6.68,6.52,6.36,6.26,6.18,6.11,6.03,5.94,5.77,5.51,5.29,5.11,5.05,4.91,4.79,4.67,4.52,4.36,4.1,3.85,3.58,3.47,3.32,3.17,3.02,2.86,2.67,2.5,2.36,2.22,2.1,2.05,2,1.97,1.98,1.98,1.98,1.98,1.99,2.01,2.05,2.1,2.19,2.22,2.24,2.25,2.25,2.24,2.22,2.17,2.15,2.11,2.09,2.06
Turkey,6.38,6.35,6.29,6.22,6.13,6.03,5.92,5.8,5.75,5.69,5.63,5.55,5.46,5.36,5.23,5.07,4.92,4.76,4.67,4.56,4.43,4.31,4.17,4.02,3.89,3.75,3.63,3.5,3.39,3.28,3.13,3.05,2.94,2.9,2.85,2.79,2.79,2.72,2.67,2.59,2.5,2.53,2.32,2.23,2.22,2.22,2.23,2.19,2.18,2.16,2.14,2.13,2.15,2.17,2.2,2.19,2.18,2.14,2.05,1.97,1.92,1.89,1.88
Tuvalu,4.78,4.71,4.65,4.58,4.51,4.43,4.35,4.22,4.13,4.03,3.94,3.84,3.72,3.63,3.56,3.5,3.48,3.5,3.55,3.6,3.68,3.75,3.81,3.86,3.9,3.94,3.96,3.97,3.96,3.92,3.91,3.95,4,4.04,4.03,4.02,4.02,4,3.96,3.89,3.81,3.74,3.69,3.64,3.62,3.63,3.72,3.6,3.55,3.5,3.49,3.48,3.47,3.35,3.27,3.22,3.19,3.19,3.21,3.2,3.19,3.16,3.14
Tanzania,6.72,6.75,6.76,6.77,6.78,6.78,6.79,6.8,6.83,6.88,6.91,6.94,6.95,6.96,7,7,6.99,6.99,6.98,6.95,6.91,6.85,6.8,6.75,6.67,6.57,6.47,6.4,6.37,6.29,6.2,6.13,6.08,6.01,5.93,5.87,5.85,5.84,5.79,5.73,5.69,5.67,5.62,5.61,5.61,5.61,5.56,5.49,5.42,5.36,5.29,5.21,5.1,5.12,5.12,5.09,5.03,4.99,4.92,4.86,4.79,4.73,4.66
Uganda,6.94,6.97,7,7.02,7.05,7.08,7.12,7.15,7.19,7.16,7.19,7.2,7.21,7.22,7.22,7.23,7.23,7.21,7.18,7.16,7.13,7.12,7.09,7.04,7,7.04,7.08,7.12,7.11,7.07,7.04,6.98,6.96,6.93,6.93,6.92,6.89,6.91,6.89,6.88,6.83,6.81,6.78,6.7,6.65,6.57,6.48,6.38,6.25,6.17,6.07,5.93,5.78,5.62,5.46,5.31,5.17,5.05,4.93,4.81,4.69,4.58,4.47
Ukraine,2.24,2.17,2.14,2.06,1.96,1.99,2.02,2.01,2,2.04,2.09,2.12,2.08,2.04,2.04,2.02,1.99,1.94,1.96,1.96,1.95,1.93,1.98,2.08,2.09,2.06,2.08,2.05,2.02,1.94,1.85,1.78,1.67,1.56,1.47,1.4,1.33,1.27,1.21,1.13,1.12,1.08,1.09,1.17,1.22,1.21,1.31,1.34,1.46,1.47,1.44,1.46,1.53,1.51,1.5,1.51,1.47,1.37,1.3,1.23,1.22,1.16,1.26
Uruguay,2.83,2.85,2.87,2.88,2.86,2.84,2.82,2.78,2.77,2.75,2.7,2.77,2.82,2.86,2.96,3.02,3.01,2.9,2.83,2.71,2.59,2.56,2.53,2.49,2.48,2.48,2.47,2.42,2.51,2.52,2.43,2.45,2.42,2.4,2.42,2.4,2.36,2.33,2.26,2.22,2.17,2.13,2.14,2.1,2.09,2.1,2.07,2.05,2.03,2.02,2.01,2.01,2.01,2.01,2,2.02,1.95,1.8,1.66,1.55,1.48,1.49,1.48
USA,3.65,3.62,3.46,3.32,3.19,2.91,2.72,2.56,2.46,2.46,2.48,2.27,2.01,1.88,1.83,1.77,1.74,1.79,1.76,1.81,1.84,1.81,1.83,1.8,1.81,1.84,1.84,1.87,1.93,2.01,2.08,2.06,2.05,2.02,2,1.98,1.98,1.97,2,2.01,2.06,2.03,2.02,2.05,2.05,2.06,2.11,2.12,2.07,2,1.93,1.89,1.88,1.86,1.86,1.84,1.82,1.77,1.73,1.71,1.64,1.66,1.67
Uzbekistan,6.61,6.75,6.88,6.81,6.82,6.81,6.66,6.57,6.4,6.37,6.35,6.29,6.23,6.13,6.02,5.89,5.75,5.54,5.31,5.18,5.05,4.91,4.81,4.72,4.71,4.68,4.66,4.5,4.28,4.18,4.07,4.2,4,3.8,3.54,3.6,3.32,3.08,2.81,2.72,2.58,2.46,2.52,2.36,2.46,2.36,2.39,2.55,2.64,2.53,2.34,2.24,2.19,2.35,2.46,2.49,2.46,2.42,2.6,2.79,2.9,3.17,3.31
St. Vincent and the Grenadines,7.29,7.23,7.13,7.02,6.93,6.82,6.71,6.59,6.45,6.28,6.09,5.89,5.68,5.46,5.22,4.97,4.73,4.5,4.33,4.16,3.9,3.81,3.72,3.57,3.33,3.16,3.02,2.93,2.86,2.84,2.83,2.82,2.83,2.8,2.74,2.67,2.57,2.49,2.42,2.38,2.34,2.3,2.21,2.14,2.09,2.06,2.06,2.08,2.14,2.15,2.13,2.1,2.12,2.11,2.12,2.1,2.02,1.93,1.87,1.84,1.81,1.8,1.78
Venezuela,6.36,6.3,6.23,6.16,6.07,5.98,5.87,5.75,5.61,5.47,5.32,5.17,5.04,4.91,4.79,4.69,4.59,4.49,4.4,4.3,4.2,4.1,4.01,3.93,3.86,3.79,3.73,3.67,3.6,3.52,3.45,3.37,3.29,3.22,3.15,3.08,3.02,2.97,2.92,2.87,2.82,2.78,2.74,2.7,2.66,2.63,2.6,2.56,2.53,2.5,2.47,2.44,2.42,2.39,2.37,2.34,2.32,2.29,2.27,2.25,2.23,2.21,2.19
British Virgin Islands,5.16,4.96,4.76,4.57,4.38,4.21,4.1,4.01,3.95,3.85,3.77,3.69,3.61,3.52,3.42,3.36,3.29,3.2,3.12,3.05,2.93,2.44,2.31,2.32,1.94,1.88,1.64,1.66,1.52,1.5,1.58,1.7,1.68,1.82,1.65,1.72,1.8,2.03,1.5,1.78,1.87,1.5,1.24,1.31,1.5,1.34,1.23,1.31,1.28,1.23,1.18,1.27,1.1,1.08,1.24,1.19,0.987,0.872,0.917,0.948,0.976,1,1.01
Virgin Islands (U.S.),5.45,4.89,4.93,4.65,5.02,5.11,4.57,4.87,4.74,4.67,5.13,4.9,4.64,4.14,3.86,3.63,3.42,3.27,3.3,3.02,3.09,2.89,2.95,3,2.85,2.82,2.74,2.85,2.8,2.95,2.99,3.1,3.2,3.1,3.04,2.72,2.56,2.73,2.5,2.38,2.06,1.9,2.21,2.07,2.17,2.24,2.03,2.51,2.44,2.37,2.3,2.16,2.06,2.08,2.09,2.11,2.09,2.08,2.06,2.05,2.03,2.01,2
Vietnam,6.28,5.48,6.27,6.38,6.29,6.16,5.97,5.88,6.03,6.01,6.02,6.07,6.1,6.11,5.82,5.64,5.45,5.26,5.12,4.99,4.86,4.75,4.62,4.49,4.35,4.21,4.08,3.94,3.81,3.7,3.6,3.48,3.32,3.14,2.92,2.66,2.44,2.29,2.17,2.1,2.07,2.05,2.06,2.03,2.01,1.96,1.9,1.91,1.92,1.91,1.9,1.9,1.93,1.95,1.95,1.95,1.94,1.93,1.94,1.95,1.96,1.94,1.94
Vanuatu,6.86,6.82,6.78,6.73,6.68,6.64,6.61,6.59,6.54,6.49,6.43,6.38,6.32,6.24,6.16,6.09,6.02,5.94,5.87,5.81,5.74,5.67,5.59,5.53,5.45,5.38,5.32,5.25,5.16,5.08,5.03,4.99,4.95,4.89,4.82,4.76,4.69,4.63,4.58,4.52,4.48,4.44,4.36,4.29,4.23,4.16,4.12,4.12,4.14,4.15,4.15,4.15,4.12,4.09,4.06,4.01,3.96,3.91,3.85,3.81,3.78,3.73,3.7
Samoa,7.65,7.64,7.65,7.66,7.67,7.65,7.63,7.61,7.59,7.55,7.46,7.34,7.18,7.02,6.85,6.68,6.53,6.38,6.23,6.08,5.92,5.78,5.66,5.53,5.42,5.34,5.29,5.19,5.09,4.99,4.93,4.89,4.89,4.87,4.85,4.8,4.74,4.66,4.61,4.55,4.51,4.46,4.43,4.4,4.38,4.37,4.37,4.39,4.47,4.55,4.61,4.64,4.61,4.53,4.44,4.36,4.27,4.18,4.11,4.05,4,3.93,3.88
Yemen,7.94,7.96,7.96,7.98,8.04,8.07,8.13,8.17,8.2,8.21,8.24,8.26,8.3,8.3,8.34,8.4,8.44,8.5,8.52,8.67,8.71,8.75,8.79,8.83,8.85,8.86,8.86,8.83,8.79,8.71,8.61,8.46,8.27,8.05,7.79,7.53,7.02,6.83,6.64,6.51,6.32,6.11,5.94,5.82,5.71,5.58,5.42,5.27,5.13,4.99,4.86,4.74,4.63,4.53,4.43,4.32,4.21,4.11,4.04,3.96,3.89,3.79,3.72
South Africa,6.16,6.14,6.11,6.08,6.03,5.97,5.91,5.85,5.78,5.72,5.63,5.57,5.49,5.41,5.3,5.19,5.07,4.94,4.85,4.82,4.78,4.71,4.7,4.63,4.57,4.5,4.41,4.35,4.18,3.98,3.72,3.62,3.48,3.37,3.26,3.17,2.99,2.73,2.63,2.56,2.41,2.37,2.32,2.36,2.44,2.51,2.55,2.54,2.68,2.5,2.44,2.44,2.45,2.43,2.42,2.36,2.26,2.33,2.42,2.48,2.4,2.37,2.34
Zambia,7.12,7.17,7.21,7.25,7.27,7.29,7.3,7.32,7.33,7.35,7.37,7.38,7.39,7.39,7.38,7.39,7.37,7.33,7.29,7.23,7.15,7.1,7.06,7.02,6.98,6.92,6.85,6.77,6.67,6.61,6.53,6.45,6.36,6.32,6.27,6.24,6.18,6.12,6.05,5.99,5.93,5.86,5.79,5.73,5.71,5.71,5.69,5.61,5.54,5.45,5.36,5.27,5.15,5.03,4.9,4.79,4.71,4.61,4.54,4.45,4.38,4.31,4.24
Zimbabwe,7.22,7.23,7.25,7.25,7.26,7.26,7.24,7.21,7.19,7.14,7.09,7.06,7.06,7.07,7.04,6.98,6.91,6.84,6.77,6.7,6.61,6.51,6.38,6.25,6.08,5.89,5.7,5.5,5.29,5.08,4.87,4.71,4.57,4.39,4.27,4.15,4.11,4.06,4.03,4.01,3.97,3.95,3.89,3.82,3.74,3.67,3.62,3.65,3.77,3.94,4.03,4.1,4.1,4.06,3.96,3.85,3.77,3.71,3.66,3.6,3.54,3.49,3.44
